4 member teams,,,,,,,,,,,,,,,,,
Team Id,Team Name,Candidate Type,Candidate's Gender,Country,Domain,Course Pursuing,Course Stream,Specialization,Course Programme,Year Of Study,Passing Out Year,Candidate's Organisation,Registration Time,Differently Abled,Work Experience,Reg. Status,Ref Code
U04D1TI1,theashishdwivedi525,team member,F,India,Student,Engineering,B.Tech/BE,Computer Science,Distance Education,Second Year,2026,"Galgotias University (GU), Greater Noida",08-03-2024 23:01,No,,complete,
U04D1TI1,theashishdwivedi525,team member,M,India,Student,Engineering,B.Tech/BE,Computer Science,,Second Year,2026,"Galgotias University (GU), Greater Noida",08-03-2024 23:01,No,,complete,
U04D1TI1,theashishdwivedi525,team member,M,India,Student,Engineering,B.Tech/BE,Computer Science,Full Time,Second Year,2026,"Galgotias University (GU), Greater Noida",06-03-2024 00:22,No,,complete,
U04D1TI1,theashishdwivedi525,team leader,M,India,Student,Engineering,B.Tech/BE,Computer Science,Full Time,Second Year,2026,"Galgotias University (GU), Greater Noida",06-03-2024 00:22,No,,complete,
,,,,,,,,,,,,,,,,,
U06RC3V2,Techiz,team member,F,India,Student,Engineering,B.Tech/BE,Computer Science,Full Time,Second Year,2026,"Dronacharya College Of Engineering (DCE), Gurgaon",10-03-2024 12:56,No,,complete,
U06RC3V2,Techiz,team member,M,India,Student,Engineering,B.Tech/BE,Computer Science,,Second Year,2026,"Dronacharya College Of Engineering (DCE), Gurgaon",10-03-2024 12:56,No,,complete,
U06RC3V2,Techiz,team member,M,India,Student,Engineering,B.Tech/BE,Computer Science,Full Time,Second Year,2026,"Dronacharya College Of Engineering (DCE), Gurgaon",10-03-2024 12:56,No,,complete,
U06RC3V2,Techiz,team leader,M,India,Student,Engineering,B.Tech/BE,Computer Science,Full Time,Second Year,2026,"Dronacharya College Of Engineering (DCE), Gurgaon",10-03-2024 12:54,No,,complete,
,,,,,,,,,,,,,,,,,
U129W7JT,nikhilzalte2500,team leader,M,India,Student,Engineering,B.Tech/BE,Electronics and Communication,,Third Year,2025,"Shri Sant Gajanan Maharaj College of Engineering (SSGMCE), Shegaon, Maharashtra",23-03-2024 17:43,No,,complete,
U129W7JT,nikhilzalte2500,team member,M,India,Student,Engineering,B.Tech/BE,Electronics and Communication,,Fourth Year,2024,"Shri Sant Gajanan Maharaj English School, Shegaon",23-03-2024 20:09,No,,complete,
U129W7JT,nikhilzalte2500,team member,F,India,Student,Engineering,B.Tech/BE,Electronics and Communication,Part Time,Third Year,2025,"Shri Sant Gajanan Maharaj College of Engineering (SSGMCE), Shegaon, Maharashtra",24-03-2024 14:55,No,,complete,
U129W7JT,nikhilzalte2500,team member,M,India,Student,Engineering,B.Tech/BE,Electronics and Communication,,Third Year,2025,"Shri Sant Gajanan Maharaj College of Engineering (SSGMCE), Shegaon, Maharashtra",23-03-2024 20:27,No,,complete,
,,,,,,,,,,,,,,,,,
UY3T544U,kalaikalaivanan81,team member,M,India,Student,Engineering,B.Tech/BE,Information Technology,,Third Year,2025,SNS college of engineering,19-03-2024 18:46,No,,complete,
UY3T544U,kalaikalaivanan81,team leader,M,India,Student,Engineering,B.Tech/BE,Information Technology,,Third Year,2025,SNS College of Engineering (Autonomous),19-03-2024 18:45,No,,complete,
UY3T544U,kalaikalaivanan81,team member,M,India,Student,Engineering,B.Tech/BE,Information Technology,,Third Year,2025,SNS college of engineering,19-03-2024 18:46,No,,complete,
UY3T544U,kalaikalaivanan81,team member,M,India,Student,Engineering,B.Tech/BE,Information Technology,,Third Year,2025,SNS college of engineering,19-03-2024 18:46,No,,complete,
,,,,,,,,,,,,,,,,,
UX9QD559,akash.ba.mct.2021,team leader,M,India,Student,Engineering,B.Tech/BE,Mechatronics,,Fourth Year,2025,SNS college of engineering,02-04-2024 12:30,No,,complete,
UX9QD559,akash.ba.mct.2021,team member,M,India,Student,Engineering,B.Tech/BE,Mechatronics,,Fourth Year,2025,SNS college of engineering,02-04-2024 12:39,No,,complete,
UX9QD559,akash.ba.mct.2021,team member,M,India,Student,Engineering,B.Tech/BE,Mechatronics,,Fourth Year,2025,"SNS College of Engineering (SNSCE), Coimbatore",02-04-2024 12:39,No,,complete,
UX9QD559,akash.ba.mct.2021,team member,M,India,Student,Engineering,B.Tech/BE,Mechatronics,,Fourth Year,2025,SNS college of engineering,02-04-2024 12:39,No,,complete,
,,,,,,,,,,,,,,,,,
U237R6IS,rahul.p.csd.2021,team member,M,India,Student,Engineering,B.Tech/BE,Computer Science,,Fourth Year,2025,"SNS College of Engineering (SNSCE), Coimbatore",02-04-2024 12:30,No,,complete,
U237R6IS,rahul.p.csd.2021,team leader,M,India,Student,Engineering,B.Tech/BE,Computer Science,,Fourth Year,2025,SNS college of engineering,02-04-2024 11:33,No,,complete,
U237R6IS,rahul.p.csd.2021,team member,F,India,Student,Engineering,B.Tech/BE,Computer Science,,Fourth Year,2025,"SNS College of Engineering (SNSCE), Coimbatore",02-04-2024 12:30,No,,complete,
U237R6IS,rahul.p.csd.2021,team member,M,India,Student,Engineering,B.Tech/BE,Computer Science,,Fourth Year,2025,"SNS College of Engineering (SNSCE), Coimbatore",02-04-2024 12:33,No,,complete,
,,,,,,,,,,,,,,,,,
U2D874FH,akash.g.cse.2022,team member,F,India,Student,Engineering,B.Tech/BE,Computer Science,,Second Year,2026,"SNS College of Technology (SNSCT), Coimbatore, Tamil Nadu",03-04-2024 06:28,No,,complete,
U2D874FH,akash.g.cse.2022,team leader,M,India,Student,Engineering,B.Tech/BE,Computer Science,,Third Year,2026,"SNS College of Technology (SNSCT), Coimbatore, Tamil Nadu",03-04-2024 06:23,No,,complete,
U2D874FH,akash.g.cse.2022,team member,M,India,Student,Engineering,B.Tech/BE,Computer Science,,Third Year,2026,"SNS College of Technology, Coimbatore",03-04-2024 06:28,No,,complete,
U2D874FH,akash.g.cse.2022,team member,M,India,Student,Engineering,B.Tech/BE,Computer Science,,Third Year,2026,"SNS College of Technology (SNSCT), Coimbatore, Tamil Nadu",03-04-2024 06:28,No,,complete,
,,,,,,,,,,,,,,,,,
U2U6BQ87,Code Crafters,team member,M,India,Student,Engineering,B.Tech/BE,Information Technology,,Third Year,2025,"PSG College of Technology (PSGCT), Coimbatore",10-03-2024 19:32,No,,complete,
U2U6BQ87,Code Crafters,team leader,M,India,Student,Engineering,B.Tech/BE,Information Technology,,Third Year,2025,"PSG College of Technology (PSGCT), Coimbatore",10-03-2024 19:13,No,,complete,CBezBDQF
U2U6BQ87,Code Crafters,team member,F,India,Working Professional/Corporate,,,,,,,"PSG College of Technology (PSGCT), Coimbatore",10-03-2024 19:32,No,11 Year(s),complete,
U2U6BQ87,Code Crafters,team member,M,India,Student,Engineering,B.Tech/BE,Information Technology,,Third Year,2025,"PSG College of Technology (PSGCT), Coimbatore",10-03-2024 19:32,No,,complete,
,,,,,,,,,,,,,,,,,
U338OT8P,Creative_Minds,team member,M,India,Student,Engineering,B.Tech/BE,Computer Science,Full Time,Third Year,2025,"Srinivasa Ramanujan Institute of Technology (SRIT), Anantapur",07-03-2024 08:19,No,,complete,
U338OT8P,Creative_Minds,team member,F,India,Student,Engineering,B.Tech/BE,Computer Science,Full Time,Third Year,2025,"Srinivasa Ramanujan Institute of Technology (SRIT), Anantapur",07-03-2024 13:27,No,,complete,
U338OT8P,Creative_Minds,team member,F,India,Student,Engineering,B.Tech/BE,Computer Science,Full Time,Third Year,2025,"Srinivasa Ramanujan Institute of Technology (SRIT), Anantapur",07-03-2024 08:19,No,,complete,
U338OT8P,Creative_Minds,team leader,M,India,Student,Engineering,B.Tech/BE,Computer Science,Full Time,Third Year,2025,"Srinivasa Ramanujan Institute of Technology (SRIT), Anantapur",06-03-2024 21:08,No,,complete,
,,,,,,,,,,,,,,,,,
U4126FXC,kabirchauhan362003,team member,M,India,Student,Engineering,B.Tech/BE,Information Technology,,Third Year,2025,"Dronacharya College Of Engineering (DCE), Gurgaon",09-03-2024 14:43,No,,complete,
U4126FXC,kabirchauhan362003,team member,M,India,Student,Engineering,B.Tech/BE,Computer Science,,Third Year,2025,"Dronacharya College Of Engineering (DCE), Gurgaon",09-03-2024 14:43,No,,complete,
U4126FXC,kabirchauhan362003,team leader,M,India,Student,Engineering,B.Tech/BE,Information Technology,,Third Year,2025,"Dronacharya College Of Engineering (DCE), Gurgaon",09-03-2024 14:43,No,,complete,
U4126FXC,kabirchauhan362003,team member,F,India,Student,Engineering,B.Tech/BE,Information Technology,,Third Year,2025,"Dronacharya College Of Engineering (DCE), Gurgaon",09-03-2024 14:43,No,,complete,
,,,,,,,,,,,,,,,,,
U44KM7J8,Team TetraTech,team member,F,India,Student,Engineering,B.Tech/BE,Electronics and Communication,,Third Year,2025,BV Raju Institute of Technology,12-03-2024 01:15,No,,complete,
U44KM7J8,Team TetraTech,team member,F,India,Student,Engineering,B.Tech/BE,Electronics and Communication,,Third Year,2025,BV Raju Institute of Technology,16-03-2024 13:36,No,,complete,
U44KM7J8,Team TetraTech,team member,F,India,Student,Engineering,B.Tech/BE,Electronics and Communication,,Third Year,2025,"BVRIT Narsapur, Telangana",16-03-2024 13:36,No,,complete,
U44KM7J8,Team TetraTech,team leader,M,India,Student,Engineering,B.Tech/BE,Electronics and Communication,,Third Year,2025,BV Raju Institute of Technology,12-03-2024 01:14,No,,complete,
,,,,,,,,,,,,,,,,,
U4KB149N,lokesh.valmeeki,team member,M,India,Student,Engineering,B.Tech/BE,Computer Science,,Second Year,2027,SNS College of Engineering (Autonomous),01-04-2024 10:07,No,,complete,
U4KB149N,lokesh.valmeeki,team leader,M,India,Student,Engineering,B.Tech/BE,Computer Science,,Second Year,2027,"SNS Institutions, Coimbatore, Tamil Nadu",01-04-2024 09:08,No,,complete,
U4KB149N,lokesh.valmeeki,team member,M,India,Student,Engineering,B.Tech/BE,Computer Science,,Second Year,2027,"SNS Institutions, Coimbatore, Tamil Nadu",01-04-2024 09:22,No,,complete,
U4KB149N,lokesh.valmeeki,team member,F,India,Student,Engineering,B.Tech/BE,Computer Science,,Second Year,2027,SNS College of Engineering (Autonomous),01-04-2024 09:27,No,,complete,
,,,,,,,,,,,,,,,,,
U5G1O12L,uskasil123,team leader,M,India,Student,Engineering,B.Tech/BE,Computer Science,,Second Year,2027,"SNS College of Engineering (SNSCE), Coimbatore",03-04-2024 09:38,No,,complete,
U5G1O12L,uskasil123,team member,M,India,Student,Engineering,B.Tech/BE,Computer Science,,Fifth Year,2024,"SNS College of Engineering (SNSCE), Coimbatore",03-04-2024 09:45,No,,complete,
U5G1O12L,uskasil123,team member,M,India,Student,Engineering,B.Tech/BE,Computer Science,,Second Year,2027,"SNS College of Engineering (SNSCE), Coimbatore",03-04-2024 09:45,No,,complete,
U5G1O12L,uskasil123,team member,M,India,Student,Engineering,B.Tech/BE,Computer Science,,Second Year,2027,"SNS College of Engineering (SNSCE), Coimbatore",03-04-2024 09:45,No,,complete,
,,,,,,,,,,,,,,,,,
U5L42WM4,RISING STARS,team leader,M,India,Student,Engineering,B.Tech/BE,Electrical,,Third Year,2025,"K K Wagh Institute of Engineering Education and Research (KKWIEER), Nashik, Maharashtra",05-03-2024 22:42,No,,complete,HMFTRD
U5L42WM4,RISING STARS,team member,F,India,Student,Engineering,B.Tech/BE,Electrical,,Third Year,2025,"K K Wagh Institute of Engineering Education and Research (KKWIEER), Nashik, Maharashtra",10-03-2024 18:20,No,,complete,
U5L42WM4,RISING STARS,team member,M,India,Student,Engineering,B.Tech/BE,Electrical,,Fourth Year,2024,"K K Wagh Institute of Engineering Education and Research (KKWIEER), Nashik, Maharashtra",10-03-2024 18:09,No,,complete,
U5L42WM4,RISING STARS,team member,M,India,Student,Engineering,B.Tech/BE,Electrical,Full Time,Third Year,2025,"K K Wagh Institute of Engineering Education and Research (KKWIEER), Nashik, Maharashtra",10-03-2024 18:21,No,,complete,
,,,,,,,,,,,,,,,,,
U61X6S1P,857siddharthxisc,team member,F,India,Student,Engineering,B.Tech/BE,Computer Science,,Second Year,2026,"Dronacharya Group of Institutions (DGI), Greater Noida",09-03-2024 15:17,No,,complete,
U61X6S1P,857siddharthxisc,team leader,M,India,Student,Engineering,B.Tech/BE,Computer Science,,Second Year,2026,"Dronacharya Group of Institutions (DGI), Greater Noida",09-03-2024 15:12,No,,complete,
U61X6S1P,857siddharthxisc,team member,M,India,Student,Engineering,B.Tech/BE,Computer Science,,Second Year,2026,"Dronacharya Group of Institutions (DGI), Greater Noida",09-03-2024 15:40,No,,complete,
U61X6S1P,857siddharthxisc,team member,F,India,Student,Engineering,B.Tech/BE,Computer Science,,First Year,2027,"Dronacharya Group of Institutions (DGI), Greater Noida",11-03-2024 12:57,No,,complete,
,,,,,,,,,,,,,,,,,
U655UPK2,dhipandhanush57,team member,M,India,Student,Engineering,B.Tech/BE,Data Science,,Second Year,2026,Chennai Institute of Technology,06-03-2024 18:21,No,,complete,
U655UPK2,dhipandhanush57,team member,M,India,Student,Engineering,B.Tech/BE,Data Science,,Second Year,2026,Chennai Institute of Technology,06-03-2024 18:21,No,,complete,
U655UPK2,dhipandhanush57,team member,M,India,Student,Engineering,B.Tech/BE,Data Science,Full Time,Second Year,2026,Chennai Institute of Technology,06-03-2024 18:21,No,,complete,
U655UPK2,dhipandhanush57,team leader,M,India,Student,Engineering,B.Tech/BE,Data Science,Full Time,Second Year,2026,Chennai Institute of Technology,06-03-2024 18:20,No,,complete,
,,,,,,,,,,,,,,,,,
U6ROE391,irfuzirfan725,team leader,M,India,Student,Engineering,B.Tech/BE,Computer Science,Full Time,Second Year,2026,"SNS College of Technology (SNSCT), Coimbatore, Tamil Nadu",31-03-2024 23:40,No,,complete,
U6ROE391,irfuzirfan725,team member,F,India,Student,Engineering,B.Tech/BE,Computer Science,,Second Year,2026,"SNS College of Technology (SNSCT), Coimbatore, Tamil Nadu",31-03-2024 23:48,No,,complete,
U6ROE391,irfuzirfan725,team member,F,India,Student,Engineering,B.Tech/BE,Computer Science,Part Time,Second Year,2027,"SNS College of Technology (SNSCT), Coimbatore, Tamil Nadu",02-04-2024 11:56,No,,complete,
U6ROE391,irfuzirfan725,team member,F,India,Student,Engineering,B.Tech/BE,Computer Science,,Second Year,2026,"SNS College of Technology (SNSCT), Coimbatore, Tamil Nadu",02-04-2024 11:56,No,,complete,
,,,,,,,,,,,,,,,,,
U7W9RA74,janani.s.iot.2022,team member,F,India,Student,Engineering,B.Tech/BE,Computer Science,,Second Year,2026,SNS College of Engineering (Autonomous),26-03-2024 11:45,No,,complete,
U7W9RA74,janani.s.iot.2022,team member,F,India,Student,Engineering,B.Tech/BE,Computer Science,,Second Year,2026,SNS College of Engineering (Autonomous),26-03-2024 11:40,No,,complete,
U7W9RA74,janani.s.iot.2022,team member,F,India,Student,Engineering,B.Tech/BE,Computer Science,Part Time,Second Year,2026,"SNS College of Engineering (SNSCE), Coimbatore",26-03-2024 11:44,No,,complete,
U7W9RA74,janani.s.iot.2022,team leader,F,India,Student,Engineering,B.Tech/BE,Computer Science,,Third Year,2025,"SNS College of Engineering (SNSCE), Coimbatore",26-03-2024 11:38,No,,complete,
,,,,,,,,,,,,,,,,,
U8P7T1M9,vishal.m.ece.2023,team leader,M,India,Student,Engineering,B.Tech/BE,Electronics and Communication,,First Year,2027,"SNS Institutions, Coimbatore, Tamil Nadu",26-03-2024 12:16,No,,complete,
U8P7T1M9,vishal.m.ece.2023,team member,M,India,Student,Engineering,B.Tech/BE,Computer Science,,First Year,2027,"SNS College of Engineering (SNSCE), Coimbatore",26-03-2024 12:25,No,,complete,
U8P7T1M9,vishal.m.ece.2023,team member,M,India,Student,Engineering,B.Tech/BE,Computer Science,,,2028,SNS college of engineering,26-03-2024 12:25,No,,complete,
U8P7T1M9,vishal.m.ece.2023,team member,M,India,Student,Engineering,B.Tech/BE,Computer Science,,,2028,SNS College of Engineering (Autonomous),26-03-2024 12:25,No,,complete,
,,,,,,,,,,,,,,,,,
U9177ANS,aadithyan0505,team leader,M,India,Student,Engineering,B.Tech/BE,Computer Science,Part Time,Third Year,2025,"SNS College of Engineering (SNSCE), Coimbatore",29-03-2024 11:44,No,,complete,
U9177ANS,aadithyan0505,team member,M,India,Student,Engineering,M.Tech/ME,Computer Science,,First Year,2025,"SNS College of Engineering (SNSCE), Coimbatore",29-03-2024 11:50,No,,complete,
U9177ANS,aadithyan0505,team member,M,India,Student,Engineering,B.Tech/BE,Information Technology,,Third Year,2025,"SNS College of Engineering (SNSCE), Coimbatore",29-03-2024 11:50,No,,complete,
U9177ANS,aadithyan0505,team member,M,India,Student,Engineering,B.Tech/BE,Information Technology,,Third Year,2025,"SNS College of Engineering (SNSCE), Coimbatore",29-03-2024 11:50,No,,complete,
,,,,,,,,,,,,,,,,,
U943ZTP7,sivaganesh.m.csd.2022,team member,M,India,Student,Engineering,B.Tech/BE,Computer Science,,Second Year,2026,SNS College of Engineering (Autonomous),23-03-2024 12:13,No,,complete,
U943ZTP7,sivaganesh.m.csd.2022,team leader,M,India,Student,Engineering,B.Tech/BE,Computer Science,,Second Year,2026,SNS College of Engineering (Autonomous),23-03-2024 12:09,No,,complete,
U943ZTP7,sivaganesh.m.csd.2022,team member,M,India,Student,Engineering,B.Tech/BE,Computer Science,,Second Year,2026,SNS College of Engineering (Autonomous),23-03-2024 12:13,No,,complete,
U943ZTP7,sivaganesh.m.csd.2022,team member,M,India,Student,Engineering,B.Tech/BE,Computer Science,Full Time,Second Year,2026,"SNS College of Engineering (SNSCE), Coimbatore",23-03-2024 12:17,No,,complete,
,,,,,,,,,,,,,,,,,
U99AY6Q2,Server,team member,M,India,Student,Engineering,B.Tech/BE,Computer Science,,Third Year,2025,"Samrat Ashok Technological Institute (SATI), Vidisha",09-03-2024 18:36,No,,complete,
U99AY6Q2,Server,team member,M,India,Student,Engineering,B.Tech/BE,Data Science,,Third Year,2025,"Samrat Ashok Technological Institute (SATI), Vidisha",05-03-2024 13:00,No,,complete,
U99AY6Q2,Server,team leader,M,India,Student,Engineering,B.Tech/BE,Data Science,,Third Year,2025,"Samrat Ashok Technological Institute (SATI), Vidisha",05-03-2024 12:59,No,,complete,
U99AY6Q2,Server,team member,M,India,Student,Engineering,B.Tech/BE,Data Science,Full Time,Third Year,2025,"Samrat Ashok Technological Institute (SATI), Vidisha",09-03-2024 18:36,No,,complete,
,,,,,,,,,,,,,,,,,
U9A97PX1,athik2002,team leader,M,India,Student,Engineering,B.Tech/BE,Mechatronics,,Fourth Year,2024,"SNS College of Technology (SNSCT), Coimbatore, Tamil Nadu",23-03-2024 10:32,No,,complete,
U9A97PX1,athik2002,team member,M,India,Student,Engineering,B.Tech/BE,Mechatronics,,Fourth Year,2024,"SNS College of Technology (SNSCT), Coimbatore, Tamil Nadu",23-03-2024 11:31,No,,complete,
U9A97PX1,athik2002,team member,M,India,Student,Engineering,B.Tech/BE,Mechatronics,,Fourth Year,2024,"SNS College of Technology (SNSCT), Coimbatore, Tamil Nadu",23-03-2024 11:31,No,,complete,
U9A97PX1,athik2002,team member,M,India,Student,Engineering,B.Tech/BE,Mechatronics,,Fourth Year,2024,"SNS College of Technology (SNSCT), Coimbatore, Tamil Nadu",23-03-2024 11:31,No,,complete,
,,,,,,,,,,,,,,,,,
U9M5F94E,ashutoshkumar70065,team member,M,India,Student,Engineering,B.Tech/BE,Computer Science,,Third Year,2025,"Chandigarh University (CU), Ajitgarh, Punjab",01-04-2024 21:41,No,,complete,
U9M5F94E,ashutoshkumar70065,team member,F,India,Student,Engineering,B.Tech/BE,Computer Science,,Third Year,2025,"Chandigarh University (CU), Ajitgarh, Punjab",01-04-2024 21:41,No,,complete,
U9M5F94E,ashutoshkumar70065,team leader,M,India,Student,Engineering,B.Tech/BE,Computer Science,Full Time,Fourth Year,2025,"Chandigarh University (CU), Ajitgarh, Punjab",01-04-2024 21:39,No,,complete,
U9M5F94E,ashutoshkumar70065,team member,M,India,Student,Engineering,B.Tech/BE,Computer Science,,Third Year,2025,"Chandigarh University (CU), Ajitgarh, Punjab",01-04-2024 21:41,No,,complete,
,,,,,,,,,,,,,,,,,
U9Z37AI9,dharsan.ak.ece.2022,team leader,M,India,Student,Engineering,B.Tech/BE,Electronics and Communication,,Second Year,2026,"SNS College of Engineering (SNSCE), Coimbatore",31-03-2024 19:41,No,,complete,
U9Z37AI9,dharsan.ak.ece.2022,team member,M,India,Student,Engineering,B.Tech/BE,Computer Science,,Third Year,2025,SNS college of engineering,31-03-2024 20:44,No,,complete,
U9Z37AI9,dharsan.ak.ece.2022,team member,M,India,Student,Engineering,B.Tech/BE,Computer Science,,Fourth Year,2024,SNS college of engineering,31-03-2024 20:44,No,,complete,
U9Z37AI9,dharsan.ak.ece.2022,team member,M,India,Student,Engineering,B.Tech/BE,Computer Science,,Fourth Year,2024,SNS College of Engineering (Autonomous),31-03-2024 20:44,No,,complete,
,,,,,,,,,,,,,,,,,
UE342K8A,aprenishaa.111,team leader,F,India,Student,Engineering,B.Tech/BE,Computer Science,,First Year,2027,"SNS Institutions, Coimbatore, Tamil Nadu",30-03-2024 08:03,No,,complete,
UE342K8A,aprenishaa.111,team member,M,India,Student,Engineering,B.Tech/BE,Computer Science,,First Year,2027,"SNS College of Engineering (SNSCE), Coimbatore",30-03-2024 09:24,No,,complete,
UE342K8A,aprenishaa.111,team member,M,India,Student,Engineering,B.Tech/BE,Computer Science,,First Year,2027,"SNS Institutions, Coimbatore, Tamil Nadu",30-03-2024 09:24,No,,complete,
UE342K8A,aprenishaa.111,team member,M,India,Student,Engineering,B.Tech/BE,Computer Science,,First Year,2027,"SNS College of Engineering (SNSCE), Coimbatore",30-03-2024 09:25,No,,complete,
,,,,,,,,,,,,,,,,,
UFA32O85,Athmika,team member,F,India,Student,Engineering,B.Tech/BE,Data Science,,Second Year,2026,"SNS College of Engineering (SNSCE), Coimbatore",11-03-2024 14:00,No,,complete,
UFA32O85,Athmika,team leader,F,India,Student,Engineering,B.Tech/BE,Data Science,,Second Year,2026,"SNS College of Engineering (SNSCE), Coimbatore",07-03-2024 11:48,No,,complete,gle2ser301
UFA32O85,Athmika,team member,F,India,Student,Engineering,B.Tech/BE,Data Science,,Second Year,2026,"SNS College of Engineering (SNSCE), Coimbatore",07-03-2024 11:54,No,,complete,
UFA32O85,Athmika,team member,F,India,Student,Engineering,B.Tech/BE,Data Science,,Second Year,2026,"SNS College of Engineering (SNSCE), Coimbatore",07-03-2024 12:15,No,,complete,
,,,,,,,,,,,,,,,,,
UG3582XY,dharani.s.eee.2022,team member,F,India,Student,Engineering,B.Tech/BE,Electrical,,Second Year,2026,SNS College of Engineering (Autonomous),05-03-2024 16:22,No,,complete,
UG3582XY,dharani.s.eee.2022,team leader,F,India,Student,Engineering,B.Tech/BE,Electrical,,Second Year,2026,SNS College of Engineering (Autonomous),05-03-2024 16:17,No,,complete,
UG3582XY,dharani.s.eee.2022,team member,F,India,Student,Engineering,B.Tech/BE,Electrical,,Second Year,2026,SNS College of Engineering (Autonomous),05-03-2024 16:22,No,,complete,
UG3582XY,dharani.s.eee.2022,team member,F,India,Student,Engineering,B.Tech/BE,Electrical,,Second Year,2026,SNS College of Engineering (Autonomous),05-03-2024 16:22,No,,complete,
,,,,,,,,,,,,,,,,,
UGMQ1327,iamarulmohan333,team member,M,India,Student,Engineering,B.Tech/BE,Computer Science,Full Time,Third Year,2026,"SNS College of Technology (SNSCT), Coimbatore, Tamil Nadu",02-04-2024 19:48,No,,complete,
UGMQ1327,iamarulmohan333,team leader,M,India,Student,Engineering,B.Tech/BE,Computer Science,,Third Year,2026,"SNS College of Technology (SNSCT), Coimbatore, Tamil Nadu",02-04-2024 19:21,No,,complete,
UGMQ1327,iamarulmohan333,team member,M,India,Student,Engineering,B.Tech/BE,Computer Science,Part Time,Third Year,2026,"SNS College of Technology (SNSCT), Coimbatore, Tamil Nadu",02-04-2024 19:24,No,,complete,
UGMQ1327,iamarulmohan333,team member,F,India,Student,Engineering,B.Tech/BE,Computer Science,,Third Year,2026,"SNS College of Technology (SNSCT), Coimbatore, Tamil Nadu",02-04-2024 19:48,No,,complete,
,,,,,,,,,,,,,,,,,
UGQ7650L,prasaddhend2003,team member,F,India,Student,Engineering,B.Tech/BE,Computer Science,,Third Year,2025,G H Raisoni College of Engineering and Management,12-03-2024 20:58,No,,complete,
UGQ7650L,prasaddhend2003,team member,F,India,Student,Engineering,B.Tech/BE,Computer Science,,Third Year,2025,G H Raisoni College of Engineering and Management,12-03-2024 20:58,No,,complete,
UGQ7650L,prasaddhend2003,team member,M,India,Student,Engineering,B.Tech/BE,Computer Science,,Third Year,2025,"G.H. Raisoni College of Engineering and Management, Pune",12-03-2024 20:58,No,,complete,
UGQ7650L,prasaddhend2003,team leader,M,India,Student,Engineering,B.Tech/BE,Computer Science,,Second Year,2026,"G.H. Raisoni College of Engineering and Management, Pune",12-03-2024 20:58,No,,complete,
,,,,,,,,,,,,,,,,,
UHFC3931,dabhishekbisht,team member,M,India,Student,Engineering,B.Tech/BE,Computer Science,,Fourth Year,2025,"Chandigarh Group of Colleges (CGC), Landran, Punjab",02-04-2024 21:35,No,,complete,
UHFC3931,dabhishekbisht,team member,NB,India,Student,Engineering,Integrated/Dual Degree,Computer Science,,Fifth Year,2025,"Chandigarh University (CU), Ajitgarh, Punjab",02-04-2024 21:33,No,,complete,
UHFC3931,dabhishekbisht,team member,M,India,Student,Engineering,B.Tech/BE,Computer Science,,Fourth Year,2025,"Chandigarh University (CU), Ajitgarh, Punjab",01-04-2024 23:17,No,,complete,
UHFC3931,dabhishekbisht,team leader,M,India,Student,Engineering,B.Tech/BE,Computer Science,,Fourth Year,2025,"Chandigarh Group of Colleges (CGC), Landran, Punjab",01-04-2024 23:14,No,,complete,
,,,,,,,,,,,,,,,,,
UL8132SP,Tech Giants,team member,M,India,Student,Engineering,B.Tech/BE,Computer Science,,Third Year,2025,"Lakshmi Narain College of Technology & Science (LNCTS), Bhopal",07-03-2024 23:35,No,,complete,
UL8132SP,Tech Giants,team member,M,India,Student,Engineering,B.Tech/BE,Computer Science,,Third Year,2025,"Lakshmi Narain College of Technology & Science (LNCTS), Bhopal",07-03-2024 23:35,No,,complete,
UL8132SP,Tech Giants,team leader,M,India,Student,Engineering,B.Tech/BE,Computer Science,,Third Year,2025,"Lakshmi Narain College of Technology & Science (LNCTS), Bhopal",07-03-2024 23:22,No,,complete,
UL8132SP,Tech Giants,team member,F,India,Student,Engineering,B.Tech/BE,Computer Science,,Third Year,2025,"Lakshmi Narain College of Technology & Science (LNCTS), Bhopal",07-03-2024 23:35,No,,complete,
,,,,,,,,,,,,,,,,,
US1F563Q,dineshkumarsoffl,team member,M,India,Student,Engineering,B.Tech/BE,Computer Science,,Fourth Year,2024,"SNS College of Technology, Coimbatore",30-03-2024 14:03,No,,complete,
US1F563Q,dineshkumarsoffl,team leader,M,India,Student,Engineering,B.Tech/BE,Computer Science,,Fourth Year,2024,Sns college of technology,30-03-2024 14:00,No,,complete,
US1F563Q,dineshkumarsoffl,team member,M,India,Student,Engineering,B.Tech/BE,Computer Science,,Fourth Year,2024,"SNS College of Technology (SNSCT), Coimbatore, Tamil Nadu",30-03-2024 14:03,No,,complete,
US1F563Q,dineshkumarsoffl,team member,M,India,Student,Engineering,B.Tech/BE,Computer Science,,Fourth Year,2024,"SNS College of Technology (SNSCT), Coimbatore, Tamil Nadu",30-03-2024 14:03,No,,complete,
,,,,,,,,,,,,,,,,,
US9BA671,chandnii9310,team member,F,India,Student,Engineering,B.Tech/BE,Computer Science,,Third Year,2025,"Dronacharya College Of Engineering (DCE), Gurgaon",09-03-2024 21:24,No,,complete,
US9BA671,chandnii9310,team member,F,India,Student,Engineering,B.Tech/BE,Computer Science,,Third Year,2025,"Dronacharya College Of Engineering (DCE), Gurgaon",09-03-2024 21:24,No,,complete,
US9BA671,chandnii9310,team member,M,India,Student,Engineering,B.Tech/BE,Computer Science,,Third Year,2025,"Dronacharya College Of Engineering (DCE), Gurgaon",09-03-2024 21:24,No,,complete,
US9BA671,chandnii9310,team leader,F,India,Student,Engineering,B.Tech/BE,Computer Science,,Third Year,2025,"Dronacharya College Of Engineering (DCE), Gurgaon",09-03-2024 21:23,No,,complete,
,,,,,,,,,,,,,,,,,
UU3DA349,deepika.s.cse.2020,team member,M,India,Student,Engineering,B.Tech/BE,Computer Science,,Fourth Year,2024,"SNS College of Technology, Coimbatore",31-03-2024 19:09,No,,complete,
UU3DA349,deepika.s.cse.2020,team member,M,India,Student,Engineering,B.Tech/BE,Computer Science,,Fourth Year,2024,"SNS College of Technology (SNSCT), Coimbatore, Tamil Nadu",31-03-2024 19:09,No,,complete,
UU3DA349,deepika.s.cse.2020,team member,M,India,Student,Engineering,B.Tech/BE,Computer Science,,Fourth Year,2024,"SNS College of Technology, Coimbatore",31-03-2024 19:09,No,,complete,
UU3DA349,deepika.s.cse.2020,team leader,F,India,Student,Engineering,B.Tech/BE,Computer Science,,Fourth Year,2024,"SNS College of Technology, Coimbatore",31-03-2024 18:54,No,,complete,
,,,,,,,,,,,,,,,,,
UA96WD66,ERROR: 404 TEAM NOT FOUND,team member,M,India,Student,Engineering,B.Tech/BE,Computer Science,,Third Year,2026,"Dronacharya College Of Engineering (DCE), Gurgaon",02-04-2024 22:38,No,,complete,
UA96WD66,ERROR: 404 TEAM NOT FOUND,team member,M,India,Student,Engineering,B.Tech/BE,Computer Science,,Third Year,2026,"Dronacharya College Of Engineering (DCE), Gurgaon",02-04-2024 22:06,No,,complete,
UA96WD66,ERROR: 404 TEAM NOT FOUND,team member,M,India,Student,Engineering,B.Tech/BE,Computer Science,,Second Year,2027,Dronacharya College of Engineering,02-04-2024 22:06,No,,complete,
UA96WD66,ERROR: 404 TEAM NOT FOUND,team leader,M,India,Student,Engineering,B.Tech/BE,CSIT,,Second Year,2027,Dronacharya College of Engineering,02-04-2024 21:52,No,,complete,
,,,,,,,,,,,,,,,,,
3 menber teams,,,,,,,,,,,,,,,,,
Team Id,Team Name,Candidate Type,Candidate's Gender,Country,Domain,Course Pursuing,Course Stream,Specialization,Course Programme,Year Of Study,Passing Out Year,Candidate's Organisation,Registration Time,Differently Abled,Work Experience,Reg. Status,Ref Code
U3N28FC7,ajmal.a.it.2022,team member,M,India,Student,Engineering,B.Tech/BE,Information Technology,,Second Year,2026,"SNS College of Technology (SNSCT), Coimbatore, Tamil Nadu",30-03-2024 14:52,No,,complete,
U3N28FC7,ajmal.a.it.2022,team leader,M,India,Student,Engineering,B.Tech/BE,Information Technology,Full Time,Second Year,2026,"SNS College of Technology (SNSCT), Coimbatore, Tamil Nadu",29-03-2024 21:28,No,,complete,
U3N28FC7,ajmal.a.it.2022,team member,F,India,Student,Engineering,B.Tech/BE,Information Technology,,Second Year,2026,"SNS College of Technology (SNSCT), Coimbatore, Tamil Nadu",29-03-2024 21:47,No,,complete,
,,,,,,,,,,,,,,,,,
U464XT2F,pandikumar.cse.2022,team member,M,India,Student,Engineering,B.Tech/BE,Computer Science,,Third Year,2026,"SNS College of Engineering (SNSCE), Coimbatore",02-04-2024 14:43,No,,complete,
U464XT2F,pandikumar.cse.2022,team member,M,India,Student,Engineering,B.Tech/BE,Computer Science,,Third Year,2026,"SNS College of Engineering (SNSCE), Coimbatore",02-04-2024 14:38,No,,complete,
U464XT2F,pandikumar.cse.2022,team leader,M,India,Student,Engineering,B.Tech/BE,Computer Science,Full Time,Third Year,2026,"SNS College of Engineering (SNSCE), Coimbatore",02-04-2024 14:33,No,,complete,
,,,,,,,,,,,,,,,,,
U4N6X36D,prakharvsrivastava,team member,F,India,Student,Engineering,B.Tech/BE,Computer Science,,Third Year,2025,Pranveer Singh Institute of Technology (PSIT Kanpur),13-03-2024 20:37,No,,complete,ST
U4N6X36D,prakharvsrivastava,team leader,M,India,Student,Engineering,B.Tech/BE,Computer Science,,Third Year,2025,"Pranveer Singh Institute of Technology (PSIT), Kanpur",11-03-2024 18:52,No,,complete,
U4N6X36D,prakharvsrivastava,team member,M,India,Student,Engineering,B.Tech/BE,Computer Science,,Third Year,2025,"Babu Banarasi Das Northern India Institute of Technology (BBDNIIT), Lucknow, Uttar Pradesh",11-03-2024 18:52,No,,complete,
,,,,,,,,,,,,,,,,,
U4QNE088,suresh5122003,team leader,M,India,Student,Engineering,B.Tech/BE,Information Technology,,Third Year,2025,SNS College of Engineering (Autonomous),17-03-2024 23:53,No,,complete,
U4QNE088,suresh5122003,team member,M,India,Student,Engineering,B.Tech/BE,Information Technology,,Third Year,2025,SNS College of Engineering (Autonomous),17-03-2024 23:53,No,,complete,
U4QNE088,suresh5122003,team member,M,India,Student,Engineering,B.Tech/BE,Information Technology,,Third Year,2025,SNS College of Engineering (Autonomous),17-03-2024 23:53,No,,complete,
,,,,,,,,,,,,,,,,,
U5Q24I3S,gnanavignesh44,team member,M,India,Student,Engineering,B.Tech/BE,Computer Science,,Third Year,2025,"Apex Institute of Technology, Chandigarh University",13-03-2024 19:21,No,,complete,
U5Q24I3S,gnanavignesh44,team leader,M,India,Student,Engineering,B.Tech/BE,Computer Science,,Third Year,2025,Chandigarh University,13-03-2024 19:01,No,,complete,
U5Q24I3S,gnanavignesh44,team member,M,India,Student,Engineering,B.Tech/BE,Computer Science,,Third Year,2025,Chandigarh University,13-03-2024 19:27,No,,complete,
,,,,,,,,,,,,,,,,,
U79OVK87,srikanth.s.mech.2023,team member,M,India,Student,Engineering,B.Tech/BE,Mechanical,,First Year,2027,"SNS College of Engineering (SNSCE), Coimbatore",16-03-2024 11:14,No,,complete,
U79OVK87,srikanth.s.mech.2023,team leader,M,India,Student,Engineering,B.Tech/BE,Mechanical,,First Year,2027,"SNS College of Engineering (SNSCE), Coimbatore",16-03-2024 07:06,No,,complete,
U79OVK87,srikanth.s.mech.2023,team member,M,India,Student,Engineering,Integrated/Dual Degree,Mechanical,,Second Year,2027,"SNS College of Engineering (SNSCE), Coimbatore",16-03-2024 11:14,No,,complete,
,,,,,,,,,,,,,,,,,
UA5I8M42,Team UNION,team member,M,India,Student,Engineering,B.Tech/BE,Computer Science,,Second Year,2026,"SNS College of Engineering (SNSCE), Coimbatore",21-03-2024 12:11,No,,complete,
UA5I8M42,Team UNION,team member,M,India,Student,Engineering,B.Tech/BE,Computer Science,,Second Year,2026,"SNS College of Engineering (SNSCE), Coimbatore",21-03-2024 12:12,No,,complete,
UA5I8M42,Team UNION,team leader,M,India,Student,Engineering,BE Computer science and technology,Computer Science,Distance Education,Second Year,2026,"SNS College of Engineering (SNSCE), Coimbatore",21-03-2024 12:06,No,,complete,
,,,,,,,,,,,,,,,,,
UC37KZ59,Geek Squad,team member,M,India,Student,Engineering,B.Tech/BE,Computer Science,,Second Year,2026,"Central University of Haryana (CUH), Haryana",21-03-2024 09:04,No,,complete,
UC37KZ59,Geek Squad,team member,M,India,Student,Engineering,B.Tech/BE,Computer Science,,Second Year,2026,"Central University of Haryana (CUH), Haryana",21-03-2024 08:49,No,,complete,
UC37KZ59,Geek Squad,team leader,M,India,Student,Engineering,B.Tech/BE,Computer Science,Full Time,Second Year,2026,"Central University of Haryana (CUH), Haryana",07-03-2024 07:21,No,,complete,
,,,,,,,,,,,,,,,,,
UC423E2F,bharathi.r.ece.2021,team member,F,India,Student,Engineering,B.Tech/BE,Electronics and Communication,,Third Year,2025,"SNS College of Technology (SNSCT), Coimbatore, Tamil Nadu",28-03-2024 13:22,No,,complete,
UC423E2F,bharathi.r.ece.2021,team leader,M,India,Student,Engineering,B.Tech/BE,Electronics and Communication,,Third Year,2025,"SNS College of Technology (SNSCT), Coimbatore, Tamil Nadu",28-03-2024 13:18,No,,complete,
UC423E2F,bharathi.r.ece.2021,team member,M,India,Student,Engineering,B.Tech/BE,Electronics and Communication,,Third Year,2025,"SNS College of Technology (SNSCT), Coimbatore, Tamil Nadu",28-03-2024 13:58,No,,complete,
,,,,,,,,,,,,,,,,,
UC6YJ155,arthithikshitha,team member,M,India,Student,Engineering,B.Tech/BE,Computer Science,Part Time,Fourth Year,2024,"SNS College of Engineering (SNSCE), Coimbatore",30-03-2024 19:21,No,,complete,
UC6YJ155,arthithikshitha,team leader,F,India,Student,Engineering,B.Tech/BE,Computer Science,Full Time,Fourth Year,2024,SNS college of engineering,30-03-2024 19:18,No,,complete,Y751YhQy
UC6YJ155,arthithikshitha,team member,M,India,Student,Engineering,B.Tech/BE,Computer Science,,Fourth Year,2024,"SNS College of Engineering (SNSCE), Coimbatore",30-03-2024 19:21,No,,complete,
,,,,,,,,,,,,,,,,,
UC8M0I28,biotechinca,team leader,F,India,Student,Engineering,B.Tech/BE,Biotechnology,,Third Year,2025,KALASALINGAM ACADEMY OF RESEARCH AND EDUCATION,30-03-2024 12:52,No,,complete,
UC8M0I28,biotechinca,team member,F,India,Student,Engineering,B.Tech/BE,Biotechnology,,Third Year,2025,KALASALINGAM ACADEMY OF RESEARCH AND EDUCATION,30-03-2024 12:53,No,,complete,
UC8M0I28,biotechinca,team member,F,India,Student,Engineering,B.Tech/BE,Biotechnology,,Third Year,2025,Kalasalingam academy of research and education,30-03-2024 12:53,No,,complete,
,,,,,,,,,,,,,,,,,
UF123G7A,mohakpurwar72,team member,M,India,Student,Engineering,B.Tech/BE,Computer Science,Full Time,Third Year,2025,"SRM University Kattankulathur, Kanchipuram, Tamil Nadu",13-03-2024 23:38,No,,complete,
UF123G7A,mohakpurwar72,team leader,M,India,Student,Engineering,B.Tech/BE,Computer Science,,Third Year,2025,"SRM Institute of Science and Technology (SRMIST), Kattankulathur, Chennai",13-03-2024 23:38,No,,complete,
UF123G7A,mohakpurwar72,team member,M,India,Student,Engineering,B.Tech/BE,Computer Science,,Third Year,2025,"SRM Institute of Science and Technology (SRMIST), Kattankulathur, Chennai",13-03-2024 23:38,No,,complete,
,,,,,,,,,,,,,,,,,
UJ4KB588,balaji.s.iot.2022,team member,M,India,Student,Engineering,B.Tech/BE,Computer Science,,Second Year,2026,SNS College of Engineering (Autonomous),22-03-2024 11:57,No,,complete,
UJ4KB588,balaji.s.iot.2022,team member,F,India,Student,Engineering,B.Tech/BE,Computer Science,,Second Year,2026,SNS College of Engineering (Autonomous),22-03-2024 12:01,No,,complete,
UJ4KB588,balaji.s.iot.2022,team leader,M,India,Student,Engineering,B.Tech/BE,Computer Science,,Second Year,2026,SNS College of Engineering (Autonomous),22-03-2024 11:50,No,,complete,
,,,,,,,,,,,,,,,,,
UM7NA860,akash.m.cse.2022,team leader,M,India,Student,Engineering,B.Tech/BE,Computer Science,,Second Year,2026,"SNS College of Engineering (SNSCE), Coimbatore",22-03-2024 16:03,No,,complete,
UM7NA860,akash.m.cse.2022,team member,M,India,Student,Engineering,B.Tech/BE,Computer Science,,,2028,"SNS College of Engineering (SNSCE), Coimbatore",22-03-2024 16:11,No,,complete,
UM7NA860,akash.m.cse.2022,team member,M,India,Student,Engineering,B.Tech/BE,Computer Science,,Second Year,2026,"SNS College of Engineering (SNSCE), Coimbatore",22-03-2024 16:06,No,,complete,
,,,,,,,,,,,,,,,,,
UMA3W336,Red giants,team member,M,India,Student,Engineering,B.Tech/BE,Computer Science,,Third Year,2026,"SNS College of Engineering (SNSCE), Coimbatore",03-04-2024 09:13,No,,complete,
UMA3W336,Red giants,team member,F,India,Student,Engineering,B.Tech/BE,Computer Science,,Third Year,2026,"SNS College of Engineering (SNSCE), Coimbatore",03-04-2024 09:13,No,,complete,
UMA3W336,Red giants,team leader,F,India,Student,Engineering,B.Tech/BE,Computer Science,,Third Year,2026,"SNS College of Engineering (SNSCE), Coimbatore",03-04-2024 09:08,No,,complete,
,,,,,,,,,,,,,,,,,
UNAI3933,akileshjayavel2005,team leader,M,India,Student,Engineering,B.Tech/BE,Data Science,,Second Year,2026,"SNS College of Engineering (SNSCE), Coimbatore",21-03-2024 11:36,No,,complete,
UNAI3933,akileshjayavel2005,team member,M,India,Student,Engineering,B.Tech/BE,Information Technology,,Second Year,2026,"SNS College of Engineering (SNSCE), Coimbatore",21-03-2024 11:41,No,,complete,
UNAI3933,akileshjayavel2005,team member,M,India,Student,Engineering,B.Tech/BE,Information Technology,,Second Year,2026,"SNS College of Engineering (SNSCE), Coimbatore",21-03-2024 11:41,No,,complete,
,,,,,,,,,,,,,,,,,
UU56I47V,akrishnan.r.cse.2021,team member,M,India,Student,Engineering,B.Tech/BE,Computer Science,,Third Year,2025,Sns college of technology,30-03-2024 20:37,No,,complete,
UU56I47V,akrishnan.r.cse.2021,team leader,M,India,Student,Engineering,B.Tech/BE,Computer Science,,Third Year,2025,Sns college of technology,30-03-2024 20:34,No,,complete,tNw3JDBc
UU56I47V,akrishnan.r.cse.2021,team member,M,India,Student,Engineering,B.Tech/BE,Computer Science,,Third Year,2025,Sns college of technology,30-03-2024 20:37,No,,complete,
,,,,,,,,,,,,,,,,,
UX454YJ8,CSD,team leader,M,India,Student,Engineering,B.Tech/BE,Computer Science,,First Year,2027,"SNS College of Engineering (SNSCE), Coimbatore",23-03-2024 09:39,No,,complete,
UX454YJ8,CSD,team member,M,India,Student,Engineering,B.Tech/BE,Computer Science,,First Year,2027,"SNS College of Engineering (SNSCE), Coimbatore",23-03-2024 09:43,No,,complete,
UX454YJ8,CSD,team member,F,India,Student,Engineering,B.Tech/BE,Computer Science,,First Year,2027,"SNS College of Engineering (SNSCE), Coimbatore",23-03-2024 09:43,No,,complete,
,,,,,,,,,,,,,,,,,
UX564RL9,20kowsik02,team member,M,India,Student,Engineering,B.Tech/BE,Electrical,,Fourth Year,2024,"SNS College of Technology (SNSCT), Coimbatore, Tamil Nadu",15-03-2024 13:07,No,,complete,
UX564RL9,20kowsik02,team member,M,India,Student,Engineering,B.Tech/BE,Electrical,,Fourth Year,2024,"SNS College of Technology (SNSCT), Coimbatore, Tamil Nadu",15-03-2024 13:07,No,,complete,
UX564RL9,20kowsik02,team leader,M,India,Student,Engineering,B.Tech/BE,Electrical,,Fourth Year,2024,"SNS College of Technology (SNSCT), Coimbatore, Tamil Nadu",15-03-2024 13:01,No,,complete,
,,,,,,,,,,,,,,,,,
UZ6MY434,Crackers,team leader,M,India,Student,Engineering,B.Tech/BE,Computer Science,,Second Year,2026,"SRM Institute of Science and Technology (SRMIST), Kattankulathur, Chennai",06-03-2024 23:49,No,,complete,
UZ6MY434,Crackers,team member,F,India,Student,Engineering,B.Tech/BE,Computer Science,,Second Year,2026,"SRM Institute of Science and Technology (SRMIST), Kattankulathur, Chennai",06-03-2024 23:50,No,,complete,
UZ6MY434,Crackers,team member,F,India,Student,Engineering,B.Tech/BE,Computer Science,Full Time,Second Year,2026,"SRM Institute of Science and Technology (SRMIST), Kattankulathur, Chennai",06-03-2024 23:55,No,,complete,
,,,,,,,,,,,,,,,,,
UZV735I9,kmlavanya555,team member,F,India,Student,Engineering,B.Tech/BE,Information Technology,,Fifth Year,2024,"SNS College of Engineering (SNSCE), Coimbatore",02-04-2024 10:19,No,,complete,
UZV735I9,kmlavanya555,team leader,F,India,Student,Engineering,B.Tech/BE,Information Technology,,Fifth Year,2024,SNS college of engineering,02-04-2024 10:17,No,,complete,
UZV735I9,kmlavanya555,team member,F,India,Student,Engineering,B.Tech/BE,Information Technology,,Fifth Year,2024,SNS college of engineering,02-04-2024 10:19,No,,complete,
,,,,,,,,,,,,,,,,,
2 member teams,,,,,,,,,,,,,,,,,
Team Id,Team Name,Candidate Type,Candidate's Gender,Country,Domain,Course Pursuing,Course Stream,Specialization,Course Programme,Year Of Study,Passing Out Year,Candidate's Organisation,Registration Time,Differently Abled,Work Experience,Reg. Status,Ref Code
U042US3G,jeevana923,team member,M,India,Student,Engineering,B.Tech/BE,Computer Science,,Second Year,2026,"Siddhartha Educational Academy Group of Institutions, Tirupati",05-03-2024 23:08,No,,complete,
U042US3G,jeevana923,team leader,F,India,Student,Engineering,B.Tech/BE,Computer Science,Part Time,Second Year,2026,"G Pulla Reddy Engineering College (GPREC), Kurnool",05-03-2024 22:52,No,,complete,
,,,,,,,,,,,,,,,,,
U0H18Y5W,9921004221,team leader,M,India,Student,Engineering,B.Tech/BE,Computer Science,,Third Year,2025,KALASALINGAM ACADEMY OF RESEARCH AND EDUCATION,22-03-2024 23:33,No,,complete,
U0H18Y5W,9921004221,team member,M,India,Student,Engineering,B.Tech/BE,Computer Science,,Third Year,2025,Kalasalingam acedemy of research and education,22-03-2024 23:37,No,,complete,
,,,,,,,,,,,,,,,,,
U0N46Y0Q,mohankumarrangasamy02,team member,M,India,Student,Engineering,B.Tech/BE,Information Technology,Full Time,Fifth Year,2024,"SNS College of Engineering (SNSCE), Coimbatore",02-04-2024 11:31,No,,complete,
U0N46Y0Q,mohankumarrangasamy02,team leader,M,India,Student,Engineering,B.Tech/BE,Information Technology,,Fifth Year,2024,"SNS College of Engineering (SNSCE), Coimbatore",02-04-2024 10:56,No,,complete,
,,,,,,,,,,,,,,,,,
U10C24DP,214g1a3318,team leader,F,India,Student,Engineering,B.Tech/BE,Computer Science,Full Time,Third Year,2025,"Srinivasa Ramanujan Institute of Technology (SRIT), Anantapur",31-03-2024 14:11,No,,complete,
U10C24DP,214g1a3318,team member,F,India,Student,Engineering,B.Tech/BE,Computer Science,,Third Year,2025,"Srinivasa Ramanujan Institute of Technology (SRIT), Anantapur",31-03-2024 15:45,No,,complete,
,,,,,,,,,,,,,,,,,
U185TJ4D,ojas.verma20,team member,M,India,Student,Engineering,B.Tech/BE,Computer Science,,Fourth Year,2025,"Chandigarh University (CU), Ajitgarh, Punjab",01-04-2024 23:15,No,,complete,
U185TJ4D,ojas.verma20,team leader,M,India,Student,Engineering,B.Tech/BE,Computer Science,,Fifth Year,2024,"Chandigarh University (CU), Ajitgarh, Punjab",01-04-2024 23:13,No,,complete,
,,,,,,,,,,,,,,,,,
U1NVZ422,Phoenix,team leader,M,India,Student,Engineering,B.Tech/BE,Data Science,Full Time,Second Year,2026,"AISSMS Institute of Information Technology, Pune, Maharashtra",25-03-2024 23:17,No,,complete,
U1NVZ422,Phoenix,team member,M,India,Student,Engineering,B.Tech/BE,Computer Science,,Second Year,2026,"AISSMS Institute of Information Technology, Pune, Maharashtra",26-03-2024 11:19,No,,complete,
,,,,,,,,,,,,,,,,,
U1U463WT,saraswatanushka007,team member,F,India,Student,Engineering,B.Tech/BE,Computer Science,Full Time,Third Year,2025,"Ajay Kumar Garg Engineering College (AKGEC), Ghaziabad",06-03-2024 12:30,No,,complete,
U1U463WT,saraswatanushka007,team leader,F,India,Student,Engineering,B.Tech/BE,Computer Science,Full Time,Third Year,2025,"Ajay Kumar Garg Engineering College (AKGEC), Ghaziabad",06-03-2024 12:26,No,,complete,
,,,,,,,,,,,,,,,,,
U2DN2Y34,dhanalakshmi.s.iot.2022,team leader,F,India,Student,Engineering,B.Tech/BE,Computer Science,,Second Year,2026,"SNS College of Engineering (SNSCE), Coimbatore",28-03-2024 14:36,No,,complete,
U2DN2Y34,dhanalakshmi.s.iot.2022,team member,M,India,Student,Engineering,B.Tech/BE,Computer Science,,First Year,2027,SNS College of Engineering (Autonomous),28-03-2024 16:18,No,,complete,
,,,,,,,,,,,,,,,,,
U2VF1A77,midhun.eee.2021,team member,M,India,Student,Engineering,B.Tech/BE,Electrical,Full Time,Third Year,2025,SNS College of Engineering (Autonomous),18-03-2024 18:49,No,,complete,
U2VF1A77,midhun.eee.2021,team leader,M,India,Student,Engineering,B.Tech/BE,Electrical,Full Time,Third Year,2025,SNS College of Engineering (Autonomous),18-03-2024 18:48,No,,complete,
,,,,,,,,,,,,,,,,,
U2WA8K53,prafullpop30082003,team leader,M,India,Student,Engineering,B.Tech/BE,Computer Science,Full Time,Third Year,2025,"Maulana Azad National Institute of Technology (MANIT), Bhopal",08-03-2024 14:17,No,,complete,
U2WA8K53,prafullpop30082003,team member,M,India,Student,Engineering,B.Tech/BE,Computer Science,,Third Year,2025,"Maulana Azad National Institute of Technology (MANIT), Bhopal",08-03-2024 14:17,No,,complete,
,,,,,,,,,,,,,,,,,
U3RIO925,kepler10010,team member,M,India,Student,Engineering,B.Tech/BE,Information Technology,,Third Year,2025,"JSPM's Jayawantrao Sawant College of Engineering (JSCOE), Pune, Maharashtra",05-03-2024 11:58,No,,complete,
U3RIO925,kepler10010,team leader,M,India,Student,Engineering,B.Tech/BE,Information Technology,,Third Year,2025,"JSPM's Jayawantrao Sawant College of Engineering (JSCOE), Pune, Maharashtra",05-03-2024 11:51,No,,complete,
,,,,,,,,,,,,,,,,,
U3V2W5L0,shreshta29kushwaha,team leader,F,India,Student,Engineering,B.Tech/BE,Computer Science,,Second Year,2026,"Apex Institute of Technology, Chandigarh University",28-03-2024 22:10,No,,complete,
U3V2W5L0,shreshta29kushwaha,team member,F,India,Student,Engineering,B.Tech/BE,Computer Science,,Second Year,2026,"Apex Institute of Technology, Chandigarh University",28-03-2024 22:11,No,,complete,
,,,,,,,,,,,,,,,,,
U52S1J5C,ijprashant6,team leader,M,India,Student,Engineering,B.Tech/BE,Computer Science,Full Time,Third Year,2025,"BLDEA's V.P. Dr. P.G. Halakatti College of Engineering & Technology, Karnataka",09-03-2024 14:49,No,,complete,jNYWYpBQ
U52S1J5C,ijprashant6,team member,M,India,Student,Engineering,B.Tech/BE,Computer Science,,Third Year,2025,"BLDE (Deemed to be University), Vijayapura, Karnataka",09-03-2024 14:49,No,,complete,
,,,,,,,,,,,,,,,,,
U5SP8C99,Hawk,team member,M,India,Student,Engineering,B.Tech/BE,Computer Science,,Third Year,2025,"Ajay Kumar Garg Engineering College (AKGEC), Ghaziabad",07-03-2024 00:39,No,,complete,
U5SP8C99,Hawk,team leader,M,India,Student,Engineering,B.Tech/BE,Computer Science,,Third Year,2025,"Ajay Kumar Garg Engineering College (AKGEC), Ghaziabad",05-03-2024 15:28,No,,complete,
,,,,,,,,,,,,,,,,,
U69GD1F4,mrabel.s.bme.2021,team member,M,India,Student,Engineering,B.Tech/BE,Biomedical,,Third Year,2025,"SNS College of Technology (SNSCT), Coimbatore, Tamil Nadu",30-03-2024 11:18,No,,complete,
U69GD1F4,mrabel.s.bme.2021,team leader,M,India,Student,Engineering,B.Tech/BE,Biomedical,,Third Year,2025,"SNS College of Technology (SNSCT), Coimbatore, Tamil Nadu",30-03-2024 11:15,No,,complete,
,,,,,,,,,,,,,,,,,
U6MT451U,chettimchettyhemasri,team member,M,India,Student,Engineering,B.Tech/BE,Computer Science,,Second Year,2026,"SRM University, Katankulathur",05-03-2024 15:36,No,,complete,
U6MT451U,chettimchettyhemasri,team leader,F,India,Student,Engineering,B.Tech/BE,Computer Science,,Second Year,2026,"SRM University, Katankulathur",05-03-2024 15:35,No,,complete,UovtXMfa
,,,,,,,,,,,,,,,,,
U6QD17I1,harish.v.csd.2021,team member,F,India,Student,Engineering,B.Tech/BE,Computer Science,,Third Year,2025,SNS College of Engineering (Autonomous),23-03-2024 10:44,No,,complete,
U6QD17I1,harish.v.csd.2021,team leader,M,India,Student,Engineering,B.Tech/BE,Computer Science,,Third Year,2025,"SNS College of Engineering (SNSCE), Coimbatore",23-03-2024 10:40,No,,complete,
,,,,,,,,,,,,,,,,,
U6QZ7G64,sivakumarravikumar1234,team leader,M,India,Student,Engineering,B.Tech/BE,Information Technology,Full Time,Fourth Year,2024,"SNS College of Technology (SNSCT), Coimbatore, Tamil Nadu",21-03-2024 09:51,No,,complete,
U6QZ7G64,sivakumarravikumar1234,team member,M,India,Student,Engineering,B.Tech/BE,Information Technology,,Fourth Year,2024,"SNS College of Technology, Coimbatore",21-03-2024 09:59,No,,complete,
,,,,,,,,,,,,,,,,,
U7G0K5E8,niranjan.t.csd.2021,team member,M,India,Student,Engineering,B.Tech/BE,Computer Science,,Third Year,2025,"SNS College of Engineering (SNSCE), Coimbatore",23-03-2024 10:20,No,,complete,
U7G0K5E8,niranjan.t.csd.2021,team leader,M,India,Student,Engineering,B.Tech/BE,Computer Science,,Third Year,2025,SNS College of Engineering (Autonomous),23-03-2024 10:16,No,,complete,
,,,,,,,,,,,,,,,,,
U803D5ML,nishantkaushik221,team member,M,India,Student,Engineering,B.Tech/BE,Electronics and Communication,,First Year,2027,"Dronacharya College Of Engineering (DCE), Gurgaon",10-03-2024 21:04,No,,complete,
U803D5ML,nishantkaushik221,team leader,M,India,Student,Engineering,B.Tech/BE,Computer Science,Full Time,Second Year,2026,"Dronacharya College Of Engineering (DCE), Gurgaon",10-03-2024 21:04,No,,complete,
,,,,,,,,,,,,,,,,,
U89YD7V5,pavithramahesh2345,team member,F,India,Student,Engineering,B.Tech/BE,Information Technology,,Fifth Year,2024,SNS college of engineering,02-04-2024 11:16,No,,complete,
U89YD7V5,pavithramahesh2345,team leader,F,India,Student,Engineering,B.Tech/BE,Information Technology,,Fifth Year,2024,"SNS College of Engineering (SNSCE), Coimbatore",02-04-2024 11:14,No,,complete,
,,,,,,,,,,,,,,,,,
U8O71FH3,ganeshasarathioo69,team leader,M,India,Student,Engineering,B.Tech/BE,Automotive,,Fourth Year,2024,"SNS College of Technology (SNSCT), Coimbatore, Tamil Nadu",25-03-2024 11:33,No,,complete,
U8O71FH3,ganeshasarathioo69,team member,M,India,Student,Engineering,B.Tech/BE,Automotive,,Fourth Year,2024,"SNS College of Technology (SNSCT), Coimbatore, Tamil Nadu",25-03-2024 12:47,No,,complete,
,,,,,,,,,,,,,,,,,
UA3595PX,sushrut1783,team leader,M,India,Student,Engineering,B.Tech/BE,Applied geology,,Third Year,2025,"Indian Institute of Technology (IIT), Kharagpur",05-03-2024 13:47,No,,complete,
UA3595PX,sushrut1783,team member,M,India,Student,Engineering,B.Tech/BE,Electrical,,Third Year,2025,"Indian Institute of Technology (IIT), Kharagpur",05-03-2024 13:48,No,,complete,
,,,,,,,,,,,,,,,,,
UAY854H2,Peaky Innovatrix,team leader,M,India,Student,Engineering,B.Tech/BE,Artificial Intelligence and Data Science,,Second Year,2026,"Jansons Institute of Technology (JIT), Coimbatore",10-03-2024 19:26,No,,complete,
UAY854H2,Peaky Innovatrix,team member,F,India,Student,Engineering,B.Tech/BE,Electronics and Communication,,Second Year,2026,"Jansons Institute of Technology (JIT), Coimbatore",10-03-2024 19:28,No,,complete,
,,,,,,,,,,,,,,,,,
UDJ35P97,Unstoppable,team member,F,India,Student,Engineering,B.Tech/BE,Electronics and Communication,,Second Year,2026,"SNS College of Technology (SNSCT), Coimbatore, Tamil Nadu",16-03-2024 11:26,No,,complete,
UDJ35P97,Unstoppable,team leader,F,India,Student,Engineering,B.Tech/BE,Electronics and Communication,Full Time,Second Year,2026,"SNS College of Technology (SNSCT), Coimbatore, Tamil Nadu",16-03-2024 11:24,No,,complete,
,,,,,,,,,,,,,,,,,
UEW7J552,ramanilakshmipriya26,team leader,F,India,Student,Engineering,B.Tech/BE,Computer Science,Full Time,Third Year,2025,"SNS College of Technology (SNSCT), Coimbatore, Tamil Nadu",25-03-2024 15:55,No,,complete,
UEW7J552,ramanilakshmipriya26,team member,M,India,Student,Engineering,BE,Computer Science,Full Time,-1,2026,"SNS College of Technology (SNSCT), Coimbatore, Tamil Nadu",25-03-2024 15:56,No,,complete,
,,,,,,,,,,,,,,,,,
UG20DA44,sharmaharikeshkumar3,team member,M,India,Student,Engineering,B.Tech/BE,Computer Science,,Third Year,2025,Chandigarh University,25-03-2024 22:01,No,,complete,
UG20DA44,sharmaharikeshkumar3,team leader,M,India,Student,Engineering,B.Tech/BE,Computer Science,Full Time,Third Year,2025,"Chandigarh University (CU), Ajitgarh, Punjab",25-03-2024 22:00,No,,complete,
,,,,,,,,,,,,,,,,,
UHIN8751,reshma.k.mba.2022,team leader,F,India,Student,Management,2nd-Year MBA,Human Resource (HR) Management,Full Time,Second Year,2024,"SNS College of Technology (SNSCT), Coimbatore, Tamil Nadu",26-03-2024 16:22,No,,complete,
UHIN8751,reshma.k.mba.2022,team member,F,India,Student,Management,2nd-Year MBA,Human Resource (HR) Management,Full Time,Second Year,2024,"SNS College of Technology, Coimbatore",26-03-2024 17:03,No,,complete,
,,,,,,,,,,,,,,,,,
UK4N355E,kowshikmahi1209,team leader,M,India,Student,Engineering,B.Tech/BE,Mechatronics,,Second Year,2026,"SNS College of Technology (SNSCT), Coimbatore, Tamil Nadu",26-03-2024 16:03,No,,complete,
UK4N355E,kowshikmahi1209,team member,M,India,Student,Engineering,B.Tech/BE,Mechatronics,,Second Year,2026,Sns college of technology,26-03-2024 16:07,No,,complete,
,,,,,,,,,,,,,,,,,
UL44BC38,gangalaharshitha,team leader,F,India,Student,Engineering,Integrated/Dual Degree,Computer Science,Part Time,Fourth Year,2025,Kalasalingam University,19-03-2024 20:43,No,,complete,hwupn1903
UL44BC38,gangalaharshitha,team member,F,India,Student,Engineering,Integrated/Dual Degree,Electronics and Communication,,Fourth Year,2025,Kalasalingam University,19-03-2024 20:44,No,,complete,
,,,,,,,,,,,,,,,,,
UM4L6C37,varshinivu06,team leader,F,India,Student,Engineering,B.Tech/BE,Computer Science,Part Time,Fourth Year,2024,"SNS College of Technology (SNSCT), Coimbatore, Tamil Nadu",31-03-2024 21:52,No,,complete,
UM4L6C37,varshinivu06,team member,M,India,Student,Engineering,B.Tech/BE,Computer Science,,Fourth Year,2024,"SNS College of Technology (SNSCT), Coimbatore, Tamil Nadu",31-03-2024 22:03,No,,complete,
,,,,,,,,,,,,,,,,,
UQH9T729,dhar22028.cs,team leader,F,India,Student,Engineering,B.Tech/BE,Computer Science,,Second Year,2026,"R.M.K. Engineering College (RMKEC), Kavaraipettai",09-03-2024 17:56,No,,complete,
UQH9T729,dhar22028.cs,team member,M,India,Student,Engineering,B.Tech/BE,Computer Science,,Second Year,2026,"R.M.K. Engineering College (RMKEC), Kavaraipettai",09-03-2024 17:57,No,,complete,
,,,,,,,,,,,,,,,,,
UR29D0X0,vishnu.kn.mct.2021,team leader,M,India,Student,Engineering,B.Tech/BE,Mechatronics,Distance Education,Third Year,2025,"SNS College of Technology (SNSCT), Coimbatore, Tamil Nadu",19-03-2024 12:19,No,,complete,
UR29D0X0,vishnu.kn.mct.2021,team member,M,India,Student,Engineering,B.Tech/BE,Mechatronics,,Third Year,2025,"SNS College of Technology (SNSCT), Coimbatore, Tamil Nadu",19-03-2024 12:21,No,,complete,
,,,,,,,,,,,,,,,,,
UR893YG1,vtu20355,team leader,M,India,Student,Engineering,B.Tech/BE,Computer Science,Full Time,Third Year,2025,"Vel Tech Rangarajan Dr. Sagunthala R&D Institute of Science and Technology, Morai, Tamil Nadu",10-03-2024 11:51,No,,complete,
UR893YG1,vtu20355,team member,M,India,Student,Engineering,B.Tech/BE,Computer Science,,Third Year,2025,"Vel Tech Rangarajan Dr. Sagunthala R&D Institute of Science and Technology, Morai, Tamil Nadu",10-03-2024 11:51,No,,complete,
,,,,,,,,,,,,,,,,,
UZ11QE51,lalitsinger1,team leader,M,India,Student,Engineering,B.Tech/BE,Computer Science,,Second Year,2026,"Dronacharya College Of Engineering (DCE), Gurgaon",09-03-2024 19:37,No,,complete,
UZ11QE51,lalitsinger1,team member,M,India,Student,Engineering,B.Tech/BE,Computer Science,Full Time,First Year,2027,"Chitkara University Institute of Engineering and Technology, Rajpura, Punjab",09-03-2024 19:37,No,,complete,
,,,,,,,,,,,,,,,,,
1 member teams,,,,,,,,,,,,,,,,,
Team Id,Team Name,Candidate Type,Candidate's Gender,Country,Domain,Course Pursuing,Course Stream,Specialization,Course Programme,Year Of Study,Passing Out Year,Candidate's Organisation,Registration Time,Differently Abled,Work Experience,Reg. Status,Ref Code
U01C83RM,nsblessysekar,team leader,F,India,Student,Engineering,B.Tech/BE,Biomedical,,Fourth Year,2024,"SNS College of Technology (SNSCT), Coimbatore, Tamil Nadu",31-03-2024 12:03,No,,complete,
U01CH9T4,varunchandran077,team leader,M,India,Student,Engineering,B.Tech/BE,Artificial intelligence and data science,Full Time,Fourth Year,2024,SNS college of engineering,25-03-2024 14:23,No,,complete,
U035B5ZN,shivangsingh2240,team leader,M,India,Student,Engineering,B.Tech/BE,Computer Science,Part Time,Third Year,2025,"United College Of Engineering and Research (UCER), Allahabad",23-03-2024 09:32,No,,complete,
U03Z2CA0,ia7449012,team leader,M,India,Student,Engineering,B.Tech/BE,Civil,,Fifth Year,2024,"Central University of Haryana (CUH), Haryana",02-04-2024 19:49,No,,complete,
U08KMH73,rishu25112001,team leader,M,India,Student,Engineering,B.Tech/BE,Computer Science,Full Time,Fourth Year,2024,"Sinhgad College of Engineering (SCOE), Pune",05-03-2024 11:21,No,,complete,
U09HJ23I,induprasad4280713,team leader,M,India,Student,Management,2nd-Year MBA,Finance Management,Full Time,Third Year,2024,"SNS College of Technology (SNSCT), Coimbatore, Tamil Nadu",02-04-2024 15:01,No,,complete,
U0BAE003,bariakanksha25,team leader,F,India,Student,Engineering,B.Tech/BE,Electronics and Communication,,Fourth Year,2024,"Deogiri Institute of Engineering and Management Studies (DIEMS), Aurangabad, Maharashtra",05-03-2024 11:40,No,,complete,
U110EL3J,ramnikhilviraj,team leader,M,India,Student,Engineering,B.Tech/BE,Computer Science,,Second Year,2026,"SRM Institute of Science and Technology (SRMIST), Kattankulathur, Chennai",10-03-2024 10:46,No,,complete,
U12Q43DX,kandimallasrinadh,team leader,M,India,Student,Engineering,B.Tech/BE,Computer science and engineering,Full Time,Third Year,2025,"Tirumala Engineering College, Andhra Pradesh",05-03-2024 20:54,No,,complete,K9XzJJkn
U13JEP55,golubabuva,team leader,M,India,Student,Engineering,B.Tech/BE,Computer Science,,Second Year,2026,Chandigarh University,31-03-2024 22:13,No,,complete,
U13UP7J0,shishirdua7,team leader,M,India,Student,Engineering,B.Tech/BE,Computer Science,,Third Year,2025,"JSS Academy of Technical Education (JSSATE), Noida",06-03-2024 16:37,No,,complete,ECqI3DFA
U15SQW74,nihalnegi7,team leader,M,India,Student,Engineering,B.Tech/BE,Computer Science,Part Time,Third Year,2025,"Chandigarh University (CU), Ajitgarh, Punjab",05-03-2024 22:06,No,,complete,
U1601SPM,hemant.ti.csd.2021,team leader,M,India,Student,Engineering,B.Tech/BE,Computer Science,Part Time,Third Year,2025,SNS College of Engineering (Autonomous),23-03-2024 11:00,No,,complete,
U184H4MY,Wrath,team leader,M,India,Student,Engineering,B.Tech/BE,Computer Science,,Second Year,2026,"Jaipur Engineering College And Research Center (JECRC), Jaipur",17-03-2024 08:54,No,,complete,
U18YVH23,harikakosuri294,team leader,F,India,Fresher,Engineering,B.Tech/BE,Electronics and Communication,,,2023,"Potti Sriramulu Chalavadi Mallikarjuna Rao College Of Engineering And Technology (PSCMRCET), Vijayawada, Andhra Pradesh",07-03-2024 20:30,No,,complete,tsol14
U1919FVL,parthjeswaniajmer,team leader,M,India,Student,Engineering,B.Tech/BE,Computer Science,,Fourth Year,2025,"Central University of Haryana (CUH), Haryana",02-04-2024 19:48,No,,complete,
U1EY0M47,primeaquarlis,team leader,F,India,Student,Engineering,B.Tech/BE,Mechanical,Full Time,Second Year,2026,BIT Sindri,05-03-2024 18:24,No,,complete,
U1FA35E9,ivanshika2006,team leader,F,India,Student,Engineering,B.Tech/BE,Artificial Intelligence and machine learning,Full Time,Second Year,2027,"Indira Gandhi Delhi Technical University for Women (IGDTUW), Delhi",02-04-2024 22:45,No,,complete,
U1HC116Z,arunkumarraman2003,team leader,M,India,Student,Engineering,B.Tech/BE,Information Technology,Full Time,Fifth Year,2024,"SNS Institutions, Coimbatore, Tamil Nadu",01-04-2024 14:18,No,,complete,
U1KGN569,99210041483,team leader,M,India,Student,Engineering,B.Tech/BE,Computer Science,,Fourth Year,2025,"Kalasalingam Academy of Research and Education (KARE), Krishnankoil",01-04-2024 23:34,No,,complete,
U1V2HE19,aadharsh.s.auto.2020,team leader,M,India,Student,Engineering,B.Tech/BE,Automotive,,Fourth Year,2024,"SNS College of Technology (SNSCT), Coimbatore, Tamil Nadu",26-03-2024 20:02,No,,complete,
U21T59EY,ashwin.j.cse.2021,team leader,M,India,Student,Engineering,B.Tech/BE,Computer Science,,Third Year,2025,"SNS College of Technology (SNSCT), Coimbatore, Tamil Nadu",30-03-2024 22:22,No,,complete,
U23EN1G8,jenusha.jk.mba.2022,team leader,F,India,Student,Management,2nd-Year MBA,Sales & Marketing Management,Full Time,Third Year,2024,"SNS College of Technology (SNSCT), Coimbatore, Tamil Nadu",03-04-2024 12:01,No,,complete,
U2425SQA,nrrishiofficial,team leader,M,India,Student,Engineering,B.Tech/BE,Agriculture Engineering,,Third Year,2025,"SNS College of Technology (SNSCT), Coimbatore, Tamil Nadu",10-03-2024 19:11,No,,complete,
U292CEF4,kushivam077,team leader,M,India,Student,Engineering,B.Tech/BE,Information Technology,,Third Year,2025,"Galgotias College of Engineering & Technology (GCET), Greater Noida",08-03-2024 18:30,No,,complete,gle2ser301
U2C52H1B,srishti.240206,team leader,F,India,Student,Engineering,B.Tech/BE,Computer Science,,First Year,2027,Dronacharya College of Engineering,09-03-2024 15:57,No,,complete,
U2F931CS,manish-ontask1,team leader,M,India,Learning to code,,,,,,,Easezo,07-03-2024 10:13,No,,complete,
U2GK756Q,Mech 14,team leader,M,India,Student,Engineering,B.Tech/BE,Mechanical,,Third Year,2025,"SNS College of Engineering (SNSCE), Coimbatore",05-03-2024 11:38,No,,complete,
U2O3SC90,sumesh2106,team leader,M,India,Student,Engineering,B.Tech/BE,Electronics and Communication,,Third Year,2025,"SNS College of Technology (SNSCT), Coimbatore, Tamil Nadu",27-03-2024 23:52,No,,complete,
U2Q1Y5G9,moni8456maddi,team leader,M,India,Student,Engineering,B.Tech/BE,Computer Science,,First Year,2027,"Chandigarh University (CU), Ajitgarh, Punjab",05-03-2024 22:57,No,,complete,
U2XI00Q7,ranjith.s.mech.2023,team leader,M,India,Student,Engineering,B.Tech/BE,Mechanical,,First Year,2027,SNS college of engineering,29-03-2024 13:00,No,,complete,
U2YIE172,jaiakash.s.it.2022,team leader,M,India,Student,Engineering,B.Tech/BE,Information Technology,Part Time,Second Year,2026,"SNS College of Technology (SNSCT), Coimbatore, Tamil Nadu",31-03-2024 10:36,No,,complete,Bcv6RhY
U3B47WF8,surajpratapsingh9798,team leader,M,India,Student,Engineering,B.Tech/BE,Computer Science,,Fourth Year,2025,"Central University of Haryana (CUH), Haryana",03-04-2024 08:54,No,,complete,
U3CIT715,parth.sharma1350,team leader,M,India,Student,Engineering,B.Tech/BE,Electronics and Communication,,Second Year,2026,"Dronacharya College Of Engineering (DCE), Gurgaon",09-03-2024 16:58,No,,complete,
U3I2F26H,zd5439,team leader,M,India,Student,Engineering,B.Tech/BE,Computer Science,Full Time,Third Year,2025,"SRM Institute of Science and Technology (SRMIST), Kattankulathur, Chennai",06-03-2024 08:40,No,,complete,
U3K32L3R,adarshraj6113,team leader,M,India,Student,Engineering,B.Tech/BE,Computer Science,,Third Year,2025,"Central University of Haryana (CUH), Haryana",06-03-2024 19:34,No,,complete,
U44F79YU,kabilan.m.csd.2021,team leader,M,India,Student,Engineering,B.Tech/BE,Computer Science,,Fourth Year,2025,SNS College of Engineering (Autonomous),02-04-2024 12:34,No,,complete,gle2ser303
U45F46AG,utk.bkkg,team leader,M,India,Student,Engineering,B.Tech/BE,Computer Science,,Third Year,2025,"Chandigarh University (CU), Ajitgarh, Punjab",10-03-2024 23:21,No,,complete,
U465A3BN,givson616,team leader,M,India,Student,Engineering,B.Tech/BE,Artificial intelligence and machine Learning,,Third Year,2026,"SNS College of Technology (SNSCT), Coimbatore, Tamil Nadu",02-04-2024 12:43,No,,complete,
U46G8AK9,punit.kaushik444,team leader,M,India,Student,Engineering,B.Tech/BE,Computer Science,,Third Year,2026,"Vellore Institute of Technology, Bhopal",02-04-2024 09:26,No,,complete,
U478L0PY,dudipala.jothsna,team leader,F,India,Student,Engineering,B.Tech/BE,Computer Science,,Third Year,2025,"G. Narayanamma Institute of Technology and Science (For Women) (GNITS), Hyderabad",09-03-2024 10:46,No,,complete,aiRIPvLg
U4TFW214,ss1806,team leader,M,India,Student,Engineering,B.Tech/BE,Computer Science,Full Time,Third Year,2025,"SRM Institute of Science and Technology (SRMIST), Kattankulathur, Chennai",10-03-2024 18:22,No,,complete,
U4Y11PC8,varshi.t.csd.2021,team leader,F,India,Student,Engineering,B.Tech/BE,Computer Science,,Third Year,2025,SNS College of Engineering (Autonomous),23-03-2024 09:58,No,,complete,
U4Z0X3Q3,adithyan.js.bme.2021,team leader,M,India,Student,Engineering,B.Tech/BE,Biomedical,,Fourth Year,2025,"SNS College of Technology (SNSCT), Coimbatore, Tamil Nadu",02-04-2024 11:20,No,,complete,
U4ZC241I,nithishkumar.t.auto.2023,team leader,M,India,Student,Engineering,B.Tech/BE,Automotive,,First Year,2027,"SNS Institutions, Coimbatore, Tamil Nadu",05-03-2024 16:18,No,,complete,
U546J9HT,shreyanshtripathi002,team leader,M,India,Student,Engineering,M.Tech/ME,Computer Science,Full Time,Second Year,2024,"Netaji Subhas University of Technology (NSUT), Delhi",30-03-2024 20:26,No,,complete,
U563VJ5K,harshavarthini09,team leader,F,India,Student,Engineering,B.Tech/BE,Computer Science,Part Time,Third Year,2025,"SNS College of Engineering (SNSCE), Coimbatore",05-03-2024 16:06,No,,complete,
U56CN6G5,embedded wingz,team leader,M,India,Student,Engineering,B.Tech/BE,Electronics and Communication,Full Time,Third Year,2025,Karpagam Academy of Higher Education,21-03-2024 14:58,No,,complete,
U572XMN5,nivithajegathesh,team leader,F,India,Student,Engineering,B.Tech/BE,Computer Science,,Second Year,2026,"VSB Engineering College (VSBEC), Karur, Tamil Nadu",05-03-2024 13:34,No,,complete,
U58H7GK6,bharath.r.it.2020,team leader,M,India,Student,Engineering,B.Tech/BE,Information Technology,Full Time,Fifth Year,2024,SNS college of engineering,03-04-2024 09:37,No,,complete,
U5D46CG5,karthikraja.s.csd.2021,team leader,M,India,Student,Engineering,B.Tech/BE,Computer Science,,Fourth Year,2025,"SNS College of Engineering (SNSCE), Coimbatore",02-04-2024 15:27,No,,complete,
U5JUT896,The Invincibles,team leader,F,India,Student,"Arts, Science & Commerce",M. Sc,Applied Statistics and Analytics,Full Time,Second Year,2024,SVKM's NMIMS NSOMASA,08-03-2024 17:40,No,,complete,
U5T0Q52W,srinithi.r.aiml.2022,team leader,F,India,Student,Engineering,B.Tech/BE,Artificial intelligence and machine learning,,Third Year,2026,"SNS College of Technology (SNSCT), Coimbatore, Tamil Nadu",01-04-2024 09:41,No,,complete,
U5TJ33A8,rahul.s.agri.2022,team leader,M,India,Student,Engineering,B.Tech/BE,Agricultural engineering,,Second Year,2026,"SNS College of Technology (SNSCT), Coimbatore, Tamil Nadu",21-03-2024 12:54,No,,complete,
U5U17I2M,manishsingh626332,team leader,M,India,Student,Engineering,B.Tech/BE,Computer Science,Part Time,First Year,2027,"Bangalore Institute of Technology (BIT), Bangalore",17-03-2024 16:27,No,,complete,FECOM
U5V3I86Q,Eagle🦅,team leader,M,India,Student,BCA,BCA,,Full Time,,2025,"DPG Institute of Technology and Management (DPGITM), Gurugram",08-03-2024 07:08,No,,complete,
U5ZG5O59,vikramvicky6941,team leader,M,India,Student,Engineering,B.Tech/BE,Computer Science,Full Time,Third Year,2025,"Kalasalingam Academy of Research and Education (KARE), Krishnankoil",26-03-2024 11:30,No,,complete,
U605Z8XW,madhan.p.it.2021,team leader,M,India,Student,Engineering,B.Tech/BE,Information Technology,,Fourth Year,2025,"SNS College of Technology (SNSCT), Coimbatore, Tamil Nadu",02-04-2024 18:03,No,,complete,gle2ser303
U66PH4G2,sachinbala.d.it.2022,team leader,M,India,Student,Engineering,B.Tech/BE,Information Technology,,Third Year,2026,"SNS College of Engineering (SNSCE), Coimbatore",03-04-2024 14:26,No,,complete,
U67P0Y5X,harigopal.m.auto.2023,team leader,M,India,Student,Engineering,B.Tech/BE,Automotive,,First Year,2027,"SNS College of Technology (SNSCT), Coimbatore, Tamil Nadu",05-03-2024 16:18,No,,complete,
U6943GEQ,arunkishore.m.csd.2022,team leader,M,India,Student,Engineering,B.Tech/BE,Computer Science,,Second Year,2026,SNS college of engineering,27-03-2024 09:36,No,,complete,
U6D32JM5,aravind.d.ece.2021,team leader,M,India,Student,Engineering,B.Tech/BE,Electronics and Communication,,Third Year,2025,"SNS College of Technology (SNSCT), Coimbatore, Tamil Nadu",26-03-2024 09:42,No,,complete,gle2ser302
U6G34E7D,stepmaker008,team leader,M,India,Student,Engineering,B.Tech/BE,Data Science,,Second Year,2026,SNS college of engineering,25-03-2024 16:19,No,,complete,
U6I4C0Q5,rijatharik.m.ece.2022,team leader,M,India,Student,Engineering,B.Tech/BE,Electronics and Communication,Part Time,Second Year,2026,"SNS Institutions, Coimbatore, Tamil Nadu",22-03-2024 12:21,No,,complete,
U6J1Z0N7,pragades.d.csd.2021,team leader,M,India,Student,Engineering,B.Tech/BE,Computer Science,,Fourth Year,2025,"SNS College of Engineering (SNSCE), Coimbatore",02-04-2024 12:07,No,,complete,
U6J41ZY5,kantamani85734,team leader,M,India,Student,Engineering,B.Tech/BE,Computer Science,Part Time,First Year,2027,"Chandigarh University (CU), Ajitgarh, Punjab",05-03-2024 22:01,No,,complete,
U6LX6G87,pradeeppugalenthi2312,team leader,M,India,Student,Engineering,B.Tech/BE,Information Technology,,Fourth Year,2024,"SNS College of Technology (SNSCT), Coimbatore, Tamil Nadu",05-03-2024 14:52,No,,complete,
U6NP964G,varshan.m.mech.2022,team leader,M,India,Student,Engineering,B.Tech/BE,Mechanical,,Second Year,2026,"SNS Institutions, Coimbatore, Tamil Nadu",28-03-2024 13:54,No,,complete,
U6VW49T2,21cdo1058,team leader,M,India,Student,Engineering,B.Tech/BE,Computer Science,,Fourth Year,2025,"Chandigarh University (CU), Ajitgarh, Punjab",02-04-2024 21:49,No,,complete,
U6W6X63C,jasonalex.s.mech.2023,team leader,M,India,Student,Engineering,B.Tech/BE,Mechanical,,First Year,2027,"SNS Institutions, Coimbatore, Tamil Nadu",26-03-2024 10:52,No,,complete,
U720DMV7,dharne.g.iot.2021,team leader,M,India,Student,Engineering,B.Tech/BE,Computer Science,,Third Year,2025,SNS college of engineering,06-03-2024 11:42,No,,complete,
U773AV5I,pragathe.m.mct.2020,team leader,M,India,Student,Engineering,Integrated/Dual Degree,Mechatronics,,6,2024,"SNS College of Technology (SNSCT), Coimbatore, Tamil Nadu",03-04-2024 10:11,No,,complete,
U7EH911C,gagangandhi4080,team leader,M,India,Student,Engineering,B.Tech/BE,Computer Science,,Third Year,2025,"Dronacharya College Of Engineering (DCE), Gurgaon",10-03-2024 12:51,No,,complete,
U7HG914P,ak6829999,team leader,M,India,Student,Engineering,B.Tech/BE,Computer Science,Part Time,Third Year,2025,"Parul University (PU), Vadodara",16-03-2024 04:36,No,,complete,
U7K6Q6I3,clash3232clans,team leader,M,India,Student,Engineering,B.Tech/BE,Computer Science,,First Year,2027,"Lovely Professional University (LPU), Punjab",31-03-2024 18:12,No,,complete,
U7MN982K,nithish.e.auto.2021,team leader,M,India,Student,Engineering,B.Tech/BE,Automotive,,Third Year,2025,"SNS College of Technology (SNSCT), Coimbatore, Tamil Nadu",29-03-2024 16:25,No,,complete,
U7P6C74H,rabithrajs.mech.2021,team leader,M,India,Student,Engineering,B.E,Mechanical,Full Time,Third Year,2025,"SNS College of Technology (SNSCT), Coimbatore, Tamil Nadu",21-03-2024 09:18,No,,complete,
U7T1D2A7,nikku2425a,team leader,M,India,Student,Engineering,B.Tech/BE,Computer Science,,Fourth Year,2025,"Apex Institute of Technology, Chandigarh University",02-04-2024 23:08,No,,complete,
U82NI7G8,adhithyabala25,team leader,M,India,Student,Engineering,B.Tech/BE,Computer Science,,Fourth Year,2025,SNS College of Engineering (Autonomous),02-04-2024 11:49,No,,complete,
U86RWJ19,souvik.mukherjee2021,team leader,M,India,Student,Engineering,B.Tech/BE,Electronics and Communication,,Third Year,2025,"Vellore Institute of Technology (VIT), Vellore",05-03-2024 09:39,No,,complete,
U88R2M1W,nmaheshwari98911,team leader,M,India,Student,Engineering,B.Tech/BE,Computer Science,,Second Year,2026,"Dronacharya College Of Engineering (DCE), Gurgaon",09-03-2024 15:31,No,,complete,
U8E6LY69,sruthi.s.csd.2021,team leader,F,India,Student,Engineering,B.Tech/BE,Computer Science,Full Time,Third Year,2025,"SNS College of Engineering (SNSCE), Coimbatore",23-03-2024 09:38,No,,complete,
U8FP24T1,santhosh.p.ece.2022,team leader,M,India,Student,Engineering,B.Tech/BE,Electronics and Communication,Part Time,Second Year,2026,"SNS College of Engineering (SNSCE), Coimbatore",24-03-2024 22:44,No,,complete,
U8L5B4S7,aakash.v.mech.2023,team leader,M,India,Student,Engineering,B.Tech/BE,Mechanical,,First Year,2027,"SNS College of Engineering (SNSCE), Coimbatore",28-03-2024 09:06,No,,complete,
U8R40Z9Q,mrarjun.a.bme.2021,team leader,M,India,Student,Engineering,B.Tech/BE,Biomedical,Full Time,Third Year,2025,"SNS College of Technology (SNSCT), Coimbatore, Tamil Nadu",30-03-2024 15:20,No,,complete,
U8YD382N,harshbhardwaj546,team leader,M,India,Student,Engineering,B.Tech/BE,Mechanical,Full Time,Second Year,2026,"Dronacharya College Of Engineering (DCE), Gurgaon",09-03-2024 13:54,No,,complete,
U92GW5A0,vk000433,team leader,M,India,Student,Engineering,B.Tech/BE,Computer Science,,Third Year,2025,"Dronacharya College Of Engineering (DCE), Gurgaon",09-03-2024 18:45,No,,complete,
U947QG1Z,abhaybajpainda,team leader,M,India,Student,Engineering,B.Tech/BE,Computer Science,,First Year,2027,"Lovely Professional University (LPU), Punjab",05-03-2024 19:52,No,,complete,
U956BY6N,shubham6418814,team leader,M,India,Student,Engineering,B.Tech/BE,Information Technology,Full Time,Fourth Year,2024,"Institute Of Engineering And Mangement, Kolkata, West Bengal",20-03-2024 01:47,No,,complete,
U96T0C9J,mukilan.mv.auto.2023,team leader,M,India,Student,Engineering,B.Tech/BE,Automotive,,First Year,2027,"SNS College of Technology (SNSCT), Coimbatore, Tamil Nadu",05-03-2024 16:23,No,,complete,
U96XJ52G,sathishperiasamy29,team leader,M,India,Student,Engineering,B.Tech/BE,Mechatronics,,Fourth Year,2024,"SNS College of Technology (SNSCT), Coimbatore, Tamil Nadu",22-03-2024 12:49,No,,complete,
U99YM0S8,pradeesh.k.csd.2021,team leader,M,India,Student,Engineering,B.Tech/BE,Computer Science,,Fourth Year,2025,"SNS College of Engineering (SNSCE), Coimbatore",02-04-2024 12:29,No,,complete,
U9VG9X45,vikram.s.iot.2021,team leader,M,India,Student,Engineering,B.Tech/BE,Computer Science,,Third Year,2025,SNS College of Engineering (Autonomous),26-03-2024 09:37,No,,complete,
U9W81K4H,saran.v.csd.2021,team leader,M,India,Student,Engineering,B.Tech/BE,Computer Science,,Fourth Year,2025,SNS college of engineering,02-04-2024 12:51,No,,complete,
UA20JT39,nithisa.p.csd.2021,team leader,F,India,Student,Engineering,B.Tech/BE,Computer Science,,Third Year,2025,SNS College of Engineering (Autonomous),25-03-2024 10:29,No,,complete,
UA9CY422,jeevanantham.b.csd.2022,team leader,M,India,Student,Engineering,B.Tech/BE,Computer Science,,Second Year,2026,SNS college of engineering,27-03-2024 12:32,No,,complete,
UBK554Y8,sanjayshaw80138,team leader,M,India,Student,Engineering,B.Tech/BE,Computer Science,Full Time,Third Year,2026,"Central University of Haryana (CUH), Haryana",02-04-2024 20:41,No,,complete,
UBS5613K,sopannikam744,team leader,M,India,Student,"Arts, Science & Commerce",B. Sc,IT (information technology),Full Time,Third Year,2024,"Dr. GY Pathrikar College of CS & IT, Aurangabad, Maharashtra",05-03-2024 10:26,No,,complete,aoyjOxZ
UC49F4S8,adhirajendran07,team leader,M,India,Student,Engineering,B.Tech/BE,Computer Science,,Fourth Year,2025,SNS College of Engineering (Autonomous),01-04-2024 19:19,No,,complete,JvhYacLQ
UCZ18N30,suryaprakash6317,team leader,M,India,Student,Engineering,B.Tech/BE,Information Technology,,Fifth Year,2024,SNS college of engineering,01-04-2024 14:21,No,,complete,OIjm1pJ
UD24Z2A5,rsharma114962,team leader,F,India,Student,Engineering,B.Tech/BE,Computer Science,Full Time,Fourth Year,2025,"Government Engineering College, Rajkot",02-04-2024 14:48,No,,complete,
UD4GS296,shreenitish1302,team leader,M,India,Student,Engineering,B.Tech/BE,Electronics and Communication,,Fourth Year,2024,"SNS College of Technology (SNSCT), Coimbatore, Tamil Nadu",24-03-2024 23:18,No,,complete,
UD8537ZQ,hardikagarwal812004,team leader,M,India,Student,Engineering,B.Tech/BE,Computer Science,Full Time,Third Year,2025,"Jaipur Engineering College And Research Center (JECRC), Jaipur",17-03-2024 15:31,No,,complete,riTZ96J
UE276W9T,dgod5013,team leader,M,India,Student,Engineering,B.Tech/BE,Information Technology,,Second Year,2026,"SNS College of Technology (SNSCT), Coimbatore, Tamil Nadu",29-03-2024 22:54,No,,complete,
UE2943IX,nirajkamble614,team leader,M,India,Student,Engineering,B.Tech/BE,Computer Science,,Third Year,2025,"Terna Engineering College (TERNA), Navi Mumbai",06-03-2024 14:59,No,,complete,
UE4T8J59,priyanshukumar9780,team leader,M,India,Student,Engineering,B.Tech/BE,Computer Science,Full Time,Fourth Year,2025,Chandigarh University,02-04-2024 21:44,No,,complete,
UE54Z28D,ayushverma19171051,team leader,M,India,Student,Engineering,B.Tech/BE,Computer Science,,Second Year,2026,Other organization not listed here,05-03-2024 12:30,No,,complete,
UE6435SM,prasanthsakthi806,team leader,M,India,Student,Engineering,B.Tech/BE,Electronics and Communication,,Fourth Year,2024,SNS college of engineering,05-03-2024 17:51,No,,complete,
UE657IF9,deshikalla,team leader,M,India,Student,Engineering,B.Tech/BE,Electronics and Communication,,Third Year,2025,"Vellore Institute of Technology (VIT), Vellore",19-03-2024 16:13,No,,complete,
UE8Q3G19,amanda.ad.2021,team leader,F,India,Student,Engineering,B.Tech/BE,Data Science,,Third Year,2025,SNS college of engineering,17-03-2024 08:44,No,,complete,
UE8Y8V43,kumariprince670,team leader,F,India,Student,Bca,Bca,,Full Time,,2025,"Chandigarh University (CU), Ajitgarh, Punjab",10-03-2024 09:24,No,,complete,
UEB953Y3,aayushmnikam,team leader,M,India,Student,Engineering,B.Tech/BE,Computer Science,,Second Year,2026,"JSPM's Imperial College of Engineering and Research (ICOER), Wagholi, Pune, Maharashtra",05-03-2024 22:46,No,,complete,gle2ser302
UF093N9T,nishanth.m.it.2022,team leader,M,India,Student,Engineering,B.Tech/BE,Information Technology,,Second Year,2026,"SNS College of Technology (SNSCT), Coimbatore, Tamil Nadu",29-03-2024 19:56,No,,complete,
UF4A1E36,Rockers,team leader,F,India,Student,Engineering,B.Tech/BE,Biomedical,,Fourth Year,2024,"SNS College of Technology (SNSCT), Coimbatore, Tamil Nadu",30-03-2024 15:13,No,,complete,
UF4ZG266,rajesh.a.auto.2020,team leader,M,India,Student,Engineering,B.Tech/BE,Automotive,,Fourth Year,2024,"Indian Institute of Technology (IIT), Madras",25-03-2024 15:11,No,,complete,
UF6I20Q3,chahitluthra,team leader,M,India,Student,Engineering,B.Tech/BE,Not Applicable (N/A),Full Time,Second Year,2026,"Shiv Nadar University (SNU), Greater Noida",20-03-2024 10:08,No,,complete,
UG1Y462J,rajchoudhary9033,team leader,M,India,Student,Engineering,B.Tech/BE,Computer Science,Full Time,Fourth Year,2024,"Chandigarh University (CU), Ajitgarh, Punjab",27-03-2024 20:19,No,,complete,
UG78O59R,sabari.r.ece.2021,team leader,M,India,Student,Engineering,B.Tech/BE,Electronics and Communication,,Third Year,2025,"SNS College of Technology (SNSCT), Coimbatore, Tamil Nadu",15-03-2024 16:21,No,,complete,
UGM2D524,dikshaupa1021,team leader,F,India,Student,Engineering,B.Tech/BE,Electronics and Communication,,First Year,2027,"Dronacharya College Of Engineering (DCE), Gurgaon",09-03-2024 12:35,No,,complete,MLAgE3Gb
UH62A54O,bhavyabalchandani23,team leader,M,India,Student,Engineering,B.Tech/BE,Computer Science,,First Year,2027,"VIT Bhopal University (VIT), Bhopal",28-03-2024 16:47,No,,complete,
UHA19F45,gowtham B,team leader,M,India,Student,Engineering,B.Tech/BE,Information Technology,Full Time,Fourth Year,2025,SNS college of engineering,02-04-2024 10:51,No,,complete,
UHC0K889,janarthanan.m.mct.2022,team leader,M,India,Student,Engineering,B.Tech/BE,Mechatronics,Full Time,Second Year,2026,"SNS College of Technology (SNSCT), Coimbatore, Tamil Nadu",26-03-2024 14:53,No,,complete,
UHUN7983,jaydyuv,team leader,M,India,Student,Engineering,B.Tech/BE,Computer Science,,Third Year,2025,"National Institute of Technology (NIT), Warangal",06-03-2024 21:57,No,,complete,
UI770FV3,cdrrjt,team leader,M,India,Student,Engineering,B.Tech/BE,Computer Science,,Fourth Year,2025,"Chandigarh Group of Colleges (CGC), Landran, Punjab",02-04-2024 23:32,No,,complete,
UI7GE108,uem.info.sagnik,team leader,M,India,Student,Engineering,B.Tech/BE,Computer Science,,Third Year,2025,University of Engineering and Management Kolkata,15-03-2024 13:45,No,,complete,
UIOU3520,faizanrock705,team leader,M,India,Student,Engineering,B.Tech/BE,Computer Science,,Third Year,2025,"Dronacharya College Of Engineering (DCE), Gurgaon",09-03-2024 16:45,No,,complete,
UJ13R94L,neerajbisht3828,team leader,M,India,Student,Engineering,B.Tech/BE,Computer Science,,Third Year,2025,"THDC institute of Hydropower Engineering and Technology (THDCIHET), Chokhala, Uttarakhand",06-03-2024 10:38,No,,complete,
UJ2L20U6,deenaashwins,team leader,M,India,Student,Engineering,B.Tech/BE,Information Technology,,Second Year,2026,"SNS College of Technology (SNSCT), Coimbatore, Tamil Nadu",30-03-2024 15:07,No,,complete,
UJ6UY482,9921005067,team leader,M,India,Student,Engineering,B.Tech/BE,Electrical,,Third Year,2025,KALASALINGAM ACADEMY OF RESEARCH AND EDUCATION,31-03-2024 15:36,No,,complete,
UK1U8T39,srinive.b.it.2021,team leader,F,India,Student,Engineering,B.Tech/BE,Information Technology,,Third Year,2025,"SNS College of Technology (SNSCT), Coimbatore, Tamil Nadu",28-03-2024 09:19,No,,complete,tNw3JDBc
UK415AL6,siden.s.mech.2021,team leader,M,India,Student,Engineering,B.Tech/BE,Mechanical,,Third Year,2025,"SNS College of Technology (SNSCT), Coimbatore, Tamil Nadu",21-03-2024 09:12,No,,complete,
UK7W407C,akshay.p.cse.2021,team leader,M,India,Student,Engineering,B.Tech/BE,Computer Science,Full Time,Third Year,2025,"SNS College of Technology (SNSCT), Coimbatore, Tamil Nadu",29-03-2024 17:36,No,,complete,
UKX6556E,ashwath.sh.csd.2021,team leader,M,India,Student,Engineering,B.Tech/BE,Computer Science,Full Time,Fourth Year,2025,"SNS College of Engineering (SNSCE), Coimbatore",02-04-2024 12:20,No,,complete,
UL0W751O,vigneshwaranveeraswamy,team leader,M,India,Student,Engineering,B.Tech/BE,Automotive,,Third Year,2025,"SNS College of Technology (SNSCT), Coimbatore, Tamil Nadu",25-03-2024 18:37,No,,complete,
UL3ZS924,bbala09598,team leader,F,India,Student,Management,2nd-Year MBA,Finance Management,Full Time,Third Year,2024,"SNS College of Technology (SNSCT), Coimbatore, Tamil Nadu",02-04-2024 14:59,No,,complete,
UL7BR796,Mohd Arbaaz Siddiqui,team leader,M,India,Student,Engineering,B.Tech/BE,Computer Science,,Third Year,2025,"Pranveer Singh Institute of Technology (PSIT), Kanpur",26-03-2024 01:53,No,,complete,
UL8584IB,harmendra2003asd,team leader,M,India,Student,B.VOC ( BIOMEDICAL SCIENCE),B.VOC ( BIOMEDICAL SCIENCE),,Full Time,,2026,"Central University of Haryana (CUH), Haryana",10-03-2024 21:03,No,,complete,
UM210OE9,21203044,team leader,M,India,Student,Engineering,B.Tech/BE,Information Technology,Full Time,Third Year,2025,"RMD Engineering College (RMDEC), Tamil Nadu",18-03-2024 22:45,No,,complete,
UMD2442G,ankittiwary818,team leader,M,India,Student,Engineering,B.Tech/BE,Printing and packaging technology,,Third Year,2025,"Central University of Haryana (CUH), Haryana",07-03-2024 16:10,No,,complete,
UML7125S,indrajitshaw55,team leader,M,India,Student,Engineering,B.Tech/BE,Computer Science,,Third Year,2025,COEP Technological University,31-03-2024 13:59,No,,complete,
UNF431T9,kisore.r.cse.2022,team leader,M,India,Student,Engineering,B.Tech/BE,Computer Science,Part Time,Second Year,2026,SNS College of Engineering (Autonomous),23-03-2024 10:35,No,,complete,
UO14PJ51,meenusinghms392,team leader,F,India,Student,Engineering,B.Tech/BE,Computer Science,,Fourth Year,2024,"Pranveer Singh Institute of Technology (PSIT), Kanpur",28-03-2024 11:48,No,,complete,
UO75X7G6,kiritoexcalliber,team leader,M,India,Student,Engineering,B.Tech/BE,Computer Science,,Third Year,2025,Chandigarh University,10-03-2024 23:02,No,,complete,
UOE5867G,sunny3355singh,team leader,M,India,Student,Engineering,B.Tech/BE,Computer Science,Part Time,Second Year,2026,"Chandigarh University (CU), Ajitgarh, Punjab",08-03-2024 12:22,No,,complete,
UOM7917C,prakramsharma14,team leader,M,India,Student,Engineering,B.Tech/BE,Computer Science,,Third Year,2025,"Central University of Haryana (CUH), Haryana",27-03-2024 11:31,No,,complete,
UP109T0A,aakriti01bhardwaj,team leader,F,India,Student,Engineering,B.Tech/BE,Computer Science,,First Year,2027,"Dronacharya College Of Engineering (DCE), Gurgaon",09-03-2024 12:41,No,,complete,
UP2R76J3,chetnaghs440,team leader,F,India,Student,Engineering,B.Tech/BE,Computer Science,,Third Year,2026,"Chandigarh University (CU), Ajitgarh, Punjab",01-04-2024 21:02,No,,complete,
UPDB9359,ravichandrareddychennareddy54,team leader,M,India,Student,Engineering,B.Tech/BE,Computer Science,,Third Year,2025,"Kalasalingam Academy of Research and Education (KARE), Krishnankoil",28-03-2024 08:26,No,,complete,
UPM5214G,adwithiyap24,team leader,M,India,Student,Management,1st-Year MBA,Public policy,Full Time,First Year,2024,Indian School of Public Policy (ISPP),06-03-2024 09:46,No,,complete,
UPT790K2,ruthramoorthy.j.mct.2022,team leader,M,India,Student,Engineering,B.Tech/BE,Mechatronics,,Second Year,2026,"SNS College of Engineering (SNSCE), Coimbatore",30-03-2024 12:27,No,,complete,
UQ45UG91,praveen.v.csd.2021,team leader,M,India,Student,Engineering,B.Tech/BE,Computer Science,Part Time,Fourth Year,2025,SNS College of Engineering (Autonomous),02-04-2024 15:26,No,,complete,
UQ53KO38,Spark,team leader,M,India,Student,Engineering,B.Tech/BE,Computer Science,,Second Year,2026,"Bennett University (BU), Greater Noida",24-03-2024 00:53,No,,complete,
UQNW1997,mehtaaman350,team leader,M,India,Student,Engineering,B.Tech/BE,Computer Science,,Third Year,2025,"Chandigarh University (CU), Ajitgarh, Punjab",05-03-2024 23:04,No,,complete,
UR23I9B7,apoorvapanwar488,team leader,F,India,Student,Engineering,B.Tech/BE,Computer Science,Part Time,Fourth Year,2025,"Chandigarh University (CU), Ajitgarh, Punjab",01-04-2024 22:56,No,,complete,
UR2J90X0,harikarthigeyan.ev.mct.2022,team leader,M,India,Student,Engineering,B.Tech/BE,Mechatronics,Full Time,Second Year,2026,"SNS College of Technology (SNSCT), Coimbatore, Tamil Nadu",26-03-2024 16:28,No,,complete,
UR48SF80,gargirathore1807,team leader,F,India,Student,Engineering,B.Tech/BE,Computer Science,,First Year,2027,"Dronacharya College Of Engineering (DCE), Gurgaon",31-03-2024 20:28,No,,complete,
UR65J39L,as8693164,team leader,M,India,Student,Engineering,B.Tech/BE,Computer Science,Full Time,Second Year,2026,"Dronacharya College Of Engineering (DCE), Gurgaon",09-03-2024 20:02,No,,complete,
UR8G074P,aparna.vemuganti_2024,team leader,F,India,Student,Engineering,B.Tech/BE,Data Science,,Fourth Year,2024,"Woxsen University, Hyderabad",14-03-2024 20:15,No,,complete,
UR8SZ082,panchalsomesh96,team leader,M,India,Student,Engineering,B.Tech/BE,Computer Science,,Fifth Year,2024,"Sinhgad College of Engineering (SCOE), Pune",03-04-2024 14:47,No,,complete,
URA418V1,archupriyanga28,team leader,F,India,Student,Engineering,B.Tech/BE,Electronics and Communication,,Fourth Year,2024,"SNS College of Technology (SNSCT), Coimbatore, Tamil Nadu",27-03-2024 20:49,No,,complete,
US07HW23,aswinkumar.sv.mech.2022,team leader,M,India,Student,Engineering,B.Tech/BE,Mechanical,,Second Year,2026,"SNS College of Engineering (SNSCE), Coimbatore",30-03-2024 15:15,No,,complete,
USK1B685,hruthwik6,team leader,M,India,Student,Engineering,B.Tech/BE,Computer Science,Full Time,Third Year,2025,Vishveswarayya Technological University,09-03-2024 18:34,No,,complete,
UT1D861Q,LOKI,team leader,M,India,Student,Engineering,B.Tech/BE,Computer Science,Full Time,Second Year,2026,"RMD Engineering College (RMDEC), Tamil Nadu",14-03-2024 20:44,No,,complete,
UT57FX84,A-Quest,team leader,F,India,Student,Engineering,B.Tech/BE,Mechanical,Full Time,Third Year,2025,"Indira Gandhi Delhi Technical University for Women (IGDTUW), Delhi",27-03-2024 23:29,No,,complete,
UTZ6629U,siva.s.ece.2023,team leader,M,India,Student,Engineering,B.Tech/BE,Electronics and Communication,,First Year,2027,SNS college of engineering,28-03-2024 15:21,No,,complete,
UU3X9B08,shreya.sd.aiml.2022,team leader,F,India,Student,Engineering,B.Tech/BE,Information Technology,,Third Year,2026,"SNS College of Technology (SNSCT), Coimbatore, Tamil Nadu",01-04-2024 09:31,No,,complete,
UURX7679,mohamedjaasir8,team leader,M,India,Student,Engineering,B.Tech/BE,Electrical,,Third Year,2025,SNS college of engineering,25-03-2024 11:58,No,,complete,
UV347DY0,sivaviknas007z,team leader,M,India,Student,Engineering,B.Tech/BE,Electronics and Communication,,Fifth Year,2024,"SNS College of Technology (SNSCT), Coimbatore, Tamil Nadu",01-04-2024 09:40,No,,complete,
UV4HO931,smaterial451,team leader,M,India,Student,Engineering,B.Tech/BE,Computer Science,Full Time,Third Year,2026,"Central University of Haryana (CUH), Haryana",02-04-2024 20:12,No,,complete,
UVN0R112,dasdebod7,team leader,M,India,Student,"Arts, Science & Commerce",M. A.,Economics,Full Time,First Year,2025,"Central University of Haryana (CUH), Haryana",10-03-2024 11:03,No,,complete,
UW8S72D8,sanjaykumar.s.auto.2021,team leader,M,India,Working Professional/Corporate,,,,,,,"SNS College of Technology (SNSCT), Coimbatore, Tamil Nadu",26-03-2024 21:48,No,Up to 11 Months,complete,gle2ser302
UWX4856M,srinaths0401,team leader,M,India,Student,Engineering,B.Tech/BE,Electrical,,Fourth Year,2024,"SNS College of Technology (SNSCT), Coimbatore, Tamil Nadu",15-03-2024 13:17,No,,complete,
UX5M227Y,vikas.b.ad.2022,team leader,M,India,Student,Engineering,B.Tech/BE,Data Science,Full Time,Second Year,2026,SNS college of engineering,28-03-2024 20:55,No,,complete,
UX617R4O,Warrior,team leader,M,India,Student,Engineering,B.Tech/BE,Data Science,,Third Year,2026,"SNS College of Engineering (SNSCE), Coimbatore",02-04-2024 20:45,No,,complete,
UX8C26R8,kanagapriya2605,team leader,F,India,Student,Management,2nd-Year MBA,Human Resource (HR) Management,Full Time,Third Year,2024,"SNS College of Technology (SNSCT), Coimbatore, Tamil Nadu",02-04-2024 15:33,No,,complete,
UXH3932M,AyuTechnophile,team leader,F,India,Student,Engineering,B.Tech/BE,Computer Science,,Second Year,2026,Chandigarh University,25-03-2024 21:15,No,,complete,
UXIJ5353,saikiranpatnana5143,team leader,M,India,Student,Engineering,B.Tech/BE,Computer Science,Full Time,First Year,2027,"Rajiv Gandhi University of Knowledge Technologies (RGUKT), Nuzvid",16-03-2024 09:02,No,,complete,
UY0KO066,surajy6067932,team leader,M,India,Student,Engineering,B.Tech/BE,Computer Science,Full Time,Third Year,2025,Chandigarh University,05-03-2024 20:50,No,,complete,
UY28E5H3,adithya.r.bme.2021,team leader,M,India,Student,Engineering,B.Tech/BE,Biomedical,,Fourth Year,2025,"SNS College of Technology, Coimbatore",02-04-2024 11:16,No,,complete,
UY3U43P5,pillasiva6,team leader,M,India,Student,Engineering,B.Tech/BE,Computer Science,Full Time,Third Year,2025,Centurion University Vizianagaram,06-03-2024 15:00,No,,complete,ECqI3DFA
UY4F02E6,sujithkumar.v.aero.2022,team leader,M,India,Student,Engineering,B.Tech/BE,Aerospace,,Second Year,2026,"SNS College of Technology (SNSCT), Coimbatore, Tamil Nadu",11-03-2024 14:59,No,,complete,
UYX3184U,nscetakshayabestudent,team leader,F,India,Student,Engineering,B.Tech/BE,Computer Science,,Fourth Year,2024,"Nadar Saraswathi College of Engineering & Technology(NSCET),Theni",30-03-2024 14:05,No,,complete,
UZ5T09V8,adityamurari7,team leader,M,India,Student,Engineering,B.Tech/BE,Computer Science,Full Time,Second Year,2026,"Poornima College of Engineering (PEC), Jaipur",11-03-2024 18:37,No,,complete,
